portrait,people,one,adult,face,man,monochrome,eye,model,woman,girl,child,facial expression,fashion,profile,light,desktop,dark,pensive,sadness,
people,man,portrait,one,adult,shadow,model,sport,girl,desktop,woman,dark,wear,athlete,art,
portrait,people,adult,one,man,face,facial expression,girl,woman,model,profile,indoors,studio,side view,wear,child,business,light,fashion,boy,
portrait,people,adult,man,one,face,facial expression,model,sadness,movie,actor,fashion,young,eye,indoors,business,profile,serious,desktop,wear,
technology,business,futuristic,window,abstract,people,desktop,modern,corporate,designing,reflection,man,city,light,office,dark,urban,electronics,architecture,airport,
airport,people,business,light,window,city,dark,subway system,man,urban,technology,reflection,indoors,futuristic,architecture,building,silhouette,monochrome,adult,office,
people,military,airport,aircraft,airplane,war,man,transportation system,vehicle,technology,adult,one,business,indoors,desktop,woman,urban,army,gun,
people,man,airport,music,business,technology,war,one,silhouette,military,urban,light,city,adult,industry,gun,weapon,
man,people,portrait,one,light,adult,business,desktop,face,window,dark,technology,art,space,
people,airport,sport,man,street,shadow,reflection,city,recreation,adult,monochrome,one,sports equipment,light,competition,athlete,ball,urban,subway system,football,
window,people,city,business,street,urban,architecture,building,office,indoors,travel,step,reflection,adult,light,man,one,subway system,portrait,glass items,
city,architecture,urban,street,skyline,monochrome,building,modern,sky,cityscape,business,travel,reflection,light,skyscraper,downtown,office,transportation system,black and white,bridge,
people,monochrome,man,street,blur,shadow,airport,reflection,adult,one,loneliness,woman,city,indoors,black and white,window,rain,business,portrait,silhouette,
portrait,people,girl,adult,face,model,woman,one,desktop,fashion,eye,person,facial expression,beautiful,sleep,young,dark,brunette,light,head,
desktop,technology,war,dark,military,abstract,light,people,gun,music,shadow,army,weapon,equipment,
people,music,blur,man,concert,piano,light,monochrome,dark,adult,art,woman,musician,indoors,band,abstract,one,pop music,instrument,shadow,
desktop,abstract,drop,rain,bubble,H2O,reflection,texture,insubstantial,wet,Earth surface,liquidity,square,clear,pattern,droplet,nature,color,design,art,
business,modern,abstract,city,desktop,futuristic,technology,office,window,abstraction,glass items,perspective,urban,blur,airport,reflection,light,architecture,finance,transportation system,
street,city,urban,people,architecture,silhouette,cityscape,building,office,travel,business,transportation system,man,monochrome,sky,car,adult,skyline,reflection,downtown,
window,office,business,man,city,people,urban,modern,reflection,indoors,corporate,building,glass items,architecture,technology,futuristic,adult,airport,desktop,contemporary,
light,blur,desktop,shadow,dark,people,silhouette,abstract,backlit,art,car,color,insubstantial,transportation system,man,no person,stage,street,indoors,technology,
portrait,people,adult,man,monochrome,one,girl,face,desktop,model,woman,profile,facial expression,studio,child,actor,light,art,eye,person,
people,man,futuristic,music,airport,adult,light,one,technology,business,abstract,motion,transportation system,no person,woman,blur,city,indoors,science,
abstract,futuristic,technology,desktop,business,light,people,man,no person,airport,dark,city,music,window,reflection,pattern,
desktop,modern,technology,futuristic,line,transportation system,abstract,business,travel,industry,urban,design,no person,reflection,light,city,connection,pattern,motion,
transportation system,modern,technology,business,futuristic,line,airport,urban,desktop,no person,blur,industry,fast,car,city,speed,steel,perspective,abstract,reflection,
technology,desktop,transportation system,vehicle,aircraft,abstract,illustration,design,modern,no person,military,business,airplane,futuristic,industry,airport,science,graphic,line,
business,people,desktop,technology,window,man,futuristic,light,office,abstract,design,modern,adult,urban,music,computer,dark,city,
city,architecture,business,office,modern,building,urban,travel,no person,sky,reflection,cityscape,expression,transportation system,street,skyscraper,construction,technology,skyline,window,
industry,grinder,technology,production,business,building,expression,transportation system,no person,urban,city,modern,architecture,light,machine,equipment,
water,technology,desktop,illustration,design,modern,light,city,art,industry,abstract,reflection,people,dark,transportation system,no person,business,travel,urban,grinder,
wear,abstract,desktop,texture,dirty,vintage,retro,scraping,design,art,graphic,people,stain,man,dark,pattern,picture frame,crack,sooty,paper,
desktop,texture,vintage,dirty,abstract,blank,wall,dark,old,retro,design,bit,rough,paper,sooty,background,graphic,color,picture frame,crack,
dirty,desktop,paper,vintage,retro,abstract,antique,sooty,texture,burn,wear,parchment,old,soil,stain,mottled,page,bit,blank,design,
desktop,nature,one,old,art,travel,abstract,vintage,science,portrait,texture,people,dirty,human,symbol,stone,closeup,rock,design,water,
desktop,abstract,art,color,graphic,light,texture,design,vintage,motion,people,background,illustration,
abstract,desktop,art,light,color,texture,graphic,vintage,landscape,people,insubstantial,design,dark,reflection,motion,
smoke,flame,abstract,desktop,art,astronomy,landscape,graphic,hot,science,water,light,explosion,color,galaxy,exploration,space,texture,motion,sun,
flame,smoke,water,underwater,abstract,calamity,art,science,motion,no person,hot,people,explosion,energy,desktop,heat,landscape,danger,aquarium,texture,
flame,smoke,abstract,art,energy,motion,calamity,people,light,water,science,underwater,blur,explosion,danger,hot,color,graphic,fog,heat,
people,underwater,abstract,man,art,water,light,flame,smoke,blur,silhouette,collage,
abstract,desktop,web,design,illustration,nature,texture,pattern,woman,network,dark,technology,motion,people,graphic,art,space,insubstantial,light,
abstract,desktop,science,pattern,futuristic,illustration,design,texture,network,web,insubstantial,spider,web together,technology,element,wallpaper,background,dark,spiderweb,motion,
abstract,desktop,science,technology,network,pattern,illustration,research,futuristic,web,insubstantial,motion,texture,design,element,dark,virtual,graphic,energy,connection,
abstract,technology,desktop,science,network,pattern,design,facts,texture,illustration,space,web,background,virtual,research,element,motion,dark,data,futuristic,
dark,people,portrait,man,one,adult,desktop,shadow,model,light,indoors,face,
people,portrait,dark,music,man,one,adult,desktop,light,woman,concert,business,spotlight,
portrait,people,man,dark,adult,one,face,light,model,fashion,guy,music,studio,person,spotlight,young,eye,indoors,desktop,movie,
