abstract,moon,art,no person,astronomy,eclipse,bird,sky,pattern,people,desktop,illustration,background,wallpaper,light,Luna,vector,crescent,dark,design,
wood,shadow,fog,tree,light,landscape,mystery,mist,no person,backlit,eerie,dark,sun,park,
wood,fog,shadow,light,mist,tree,mystery,landscape,no person,backlit,eerie,dark,park,conifer,
shadow,light,backlit,wood,no person,fog,dark,landscape,mystery,tree,mist,eerie,people,conifer,
tree,no person,road,fall,fog,landscape,mist,dawn,nature,outdoors,leaf,wood,guidance,countryside,rural,park,grass,weather,environment,light,
no person,tree,road,fall,fog,landscape,mist,dawn,outdoors,leaf,nature,wood,guidance,countryside,grass,park,rural,daylight,travel,fair weather,
fog,no person,mist,tree,fall,dawn,landscape,outdoors,wood,sunset,road,rain,light,weather,winter,nature,haze,water,leaf,park,
wood,tree,landscape,nature,no person,outdoors,scenic,conifer,evergreen,summer,park,environment,water,pine,season,scenery,scene,flora,leaf,sight,
wood,tree,landscape,nature,no person,outdoors,scenic,conifer,summer,park,water,evergreen,leaf,scenery,environment,scene,season,grass,pine,sight,
tree,no person,wood,conifer,landscape,evergreen,outdoors,nature,dawn,leaf,scenic,light,park,fall,fair weather,fog,environment,sun,summer,daylight,
city,cityscape,architecture,travel,no person,dusk,skyline,sunset,water,outdoors,sky,dark,illuminated,evening,downtown,panoramic,town,dawn,urban,panorama,
city,cityscape,no person,architecture,travel,dusk,sunset,water,skyline,outdoors,dark,sky,evening,panoramic,illuminated,dawn,town,downtown,urban,horizontal plane,
water,no person,sunset,sky,bird,landscape,dusk,evening,dark,moon,reflection,dawn,lake,light,nature,outdoors,ocean,fog,sea,beach,
tree,wood,bench,nature,dawn,landscape,park,fall,outdoors,winter,light,weather,grass,no person,fog,season,fair weather,shadow,countryside,evening,
tree,bench,wood,nature,dawn,fall,landscape,park,winter,outdoors,light,fog,shadow,evening,grass,leaf,season,weather,sunset,countryside,
bench,silhouette,light,shadow,landscape,people,dawn,tree,backlit,sunset,evening,fog,no person,bridge,lake,bird,water,river,fence,winter,
no person,mountain,water,travel,outdoors,landscape,daylight,lake,valley,nature,sky,rock,scenic,river,wood,recreation,fog,tree,panoramic,hike,
no person,water,travel,mountain,tree,wood,landscape,outdoors,lake,river,daylight,nature,scenic,recreation,sky,tourism,environment,reflection,rock,valley,
