0,abstract,moon,art,no person,astronomy,eclipse,bird,sky,pattern,people,desktop,illustration,background,wallpaper,light,Luna,vector,crescent,dark,design,
1,astronomy,moon,eclipse,dark,no person,abstract,art,telescope,insubstantial,sky,desktop,space,creation,portrait,light,Luna,blur,galaxy,nature,constellation,
2,astronomy,moon,abstract,eclipse,dark,art,insubstantial,desktop,no person,telescope,space,sky,creation,portrait,light,galaxy,blur,wallpaper,texture,Luna,
3,astronomy,moon,abstract,eclipse,dark,desktop,art,insubstantial,space,telescope,sky,light,galaxy,creation,planet,portrait,illustration,landscape,no person,vector,
4,moon,astronomy,dark,abstract,art,desktop,insubstantial,light,eclipse,space,portrait,landscape,sky,telescope,sea,color,monochrome,silhouette,galaxy,no person,
5,moon,dark,abstract,desktop,landscape,light,art,portrait,astronomy,sea,insubstantial,texture,sky,color,reflection,ocean,no person,water,rock,silhouette,
6,dark,desktop,landscape,abstract,moon,texture,light,monochrome,rock,art,shadow,color,sea,portrait,insubstantial,no person,storm,reflection,water,sky,
7,dark,landscape,desktop,rock,abstract,light,moon,texture,no person,monochrome,storm,art,color,shadow,sky,desert,sea,nature,stone,mountain,
8,dark,landscape,desktop,rock,monochrome,texture,no person,light,nature,moon,abstract,sky,storm,shadow,water,color,smoke,desert,black and white,art,
9,desktop,texture,dark,rock,landscape,abstract,no person,art,stone,nature,monochrome,color,wall,dirty,light,moon,black and white,fabric,insubstantial,shadow,
10,rock,people,stone,nature,woman,hand,dark,one,adult,beach,texture,sea,desktop,water,grey,man,sand,abstract,ocean,human,
11,portrait,people,one,man,adult,face,dark,person,guy,model,boy,rock,girl,solo,child,young,desktop,human,street,beautiful,
12,portrait,people,one,face,man,rock,adult,dark,model,person,girl,desktop,beautiful,woman,nature,light,young,fashion,human,wall,
13,portrait,people,face,rock,girl,one,model,beautiful,adult,man,dark,person,nature,woman,light,smile,fashion,young,boy,child,
14,abstract,pattern,art,background,desktop,wallpaper,vector,design,dark,square,illustration,spectrum,template,no person,eclipse,fabric,portrait,people,texture,old,
15,dark,moon,art,eclipse,light,abstract,people,silhouette,portrait,monochrome,astronomy,no person,desktop,sky,shadow,blur,insubstantial,landscape,background,adult,
16,desktop,dark,art,illustration,abstract,reflection,line,design,light,glass,monochrome,insubstantial,vector,studio,silhouette,texture,color,drink,shape,modern,
