0,"abstract,0.99057055","moon,0.9883138","art,0.97963035","no person,0.97950864","astronomy,0.9791003","eclipse,0.9783584","bird,0.96666926","sky,0.9653938","pattern,0.9633303","people,0.9631944","desktop,0.96280867","illustration,0.9617853","background,0.956497","wallpaper,0.9501057","light,0.94694406","Luna,0.94304353","vector,0.9355918","crescent,0.9335197","dark,0.9288871","design,0.9221747",
1,"people,0.99499106","adult,0.97661185","man,0.9559874","one,0.9434614","portrait,0.937044","wear,0.93423975","two,0.90910476","indoors,0.9071698","music,0.9050605","religion,0.8930968","group,0.88217074","room,0.8721163","museum,0.85883844","outfit,0.8572515","leader,0.84655446","chair,0.8414471","home,0.8258308","administration,0.8132583","three,0.8019004","veil,0.80022156",
2,"people,0.9922602","adult,0.9731822","one,0.96131194","man,0.96087587","portrait,0.9470217","indoors,0.92911017","wear,0.91917825","room,0.89782333","music,0.8962206","two,0.8563447","administration,0.84576094","museum,0.84234285","outfit,0.8412857","home,0.83966005","leader,0.8357341","chair,0.82948637","business,0.81683874","musician,0.8122982","religion,0.7993034",
3,"people,0.99187946","man,0.9662368","adult,0.96554285","one,0.9515526","portrait,0.9416999","indoors,0.920393","wear,0.90790176","music,0.89076114","two,0.880297","room,0.8657992","museum,0.8464979","outfit,0.83982325","chair,0.8171191","group,0.8063418","administration,0.79929125",
4,"people,0.9909632","man,0.96809775","adult,0.9517652","one,0.931085","indoors,0.92672426","portrait,0.9246287","wear,0.91351986","music,0.8731742","room,0.86267614","museum,0.8619715","two,0.8615056","chair,0.8274512","outfit,0.8270402","group,0.80526173","religion,0.80323255","home,0.7993475",
5,"people,0.99324894","adult,0.96835345","man,0.9667644","one,0.9524499","portrait,0.94045687","indoors,0.92743635","wear,0.9180492","music,0.88659537","room,0.8754772","museum,0.86922944","two,0.8639483","chair,0.84564435","religion,0.8335879","outfit,0.83135486","administration,0.8305463","home,0.82932585","leader,0.8078387","furniture,0.79748315",
6,"people,0.9948773","one,0.99431586","portrait,0.9883901","adult,0.9860462","man,0.9783697","wear,0.9669658","menswear,0.93740475","veil,0.93221235","outfit,0.93135834","indoors,0.9167788","dinner jacket,0.87692034","music,0.868597","musician,0.86275125","room,0.8298867","writer,0.81655574","administration,0.8108052","museum,0.8099655","facial expression,0.7917763",
7,"people,0.99356294","one,0.9934914","adult,0.98893356","portrait,0.98658264","man,0.9756257","wear,0.955933","indoors,0.9382089","outfit,0.91256285","veil,0.9014841","room,0.8992717","menswear,0.89812636","musician,0.8955293","music,0.8880781","book series,0.86820567","facial expression,0.8539705","writer,0.85279787","facial hair,0.81563187","administration,0.8035126","outerwear,0.80201447","museum,0.7989113",
8,"people,0.9918386","one,0.99112386","adult,0.9866822","portrait,0.9792156","man,0.9714912","wear,0.95818996","indoors,0.92986715","room,0.9091358","outfit,0.8718264","music,0.8615","musician,0.85751975","facial expression,0.84169126","business,0.8262377","menswear,0.8172569","singer,0.79573363",
9,"people,0.9977006","adult,0.9811038","man,0.9643755","group,0.9637514","room,0.9245925","wear,0.9237925","leader,0.9136946","woman,0.90095836","indoors,0.8977592","chair,0.89564145","recreation,0.8809885","two,0.8739903","museum,0.87220585","portrait,0.867005","administration,0.8560226","outfit,0.85540855","meeting,0.8462543","religion,0.8452829","commerce,0.8434217","home,0.8425171",
10,"people,0.99752474","adult,0.98236156","group,0.97886336","man,0.95439494","leader,0.9425117","woman,0.93558836","room,0.9341718","wear,0.91607994","chair,0.915625","commerce,0.8928853","several,0.888903","meeting,0.8864762","recreation,0.8835907","administration,0.88100874","home,0.8743941","indoors,0.87304026","two,0.86960286","religion,0.86622953","portrait,0.8616483","many,0.8573493",
11,"people,0.9975184","adult,0.98004913","group,0.9596944","man,0.9583026","wear,0.93335974","room,0.9311987","woman,0.92772216","portrait,0.91199636","indoors,0.9095992","leader,0.9080068","chair,0.8919667","museum,0.87554187","recreation,0.87078774","two,0.86542326","meeting,0.85580355","home,0.8533952","administration,0.8531617","music,0.84982955","outfit,0.8462746","religion,0.8434867",
12,"people,0.9978276","adult,0.9837809","group,0.9660504","man,0.9523945","woman,0.9511894","wear,0.92607784","leader,0.91596067","room,0.91274905","portrait,0.8997514","chair,0.88735","indoors,0.88613975","candle,0.87557244","recreation,0.87529707","museum,0.8752185","two,0.8719412","meeting,0.8556117","administration,0.852131","religion,0.85171294","music,0.85004497","outfit,0.8419025",
13,"people,0.9926056","adult,0.9851145","portrait,0.98316514","one,0.97087884","room,0.96428853","man,0.9595497","wear,0.94647527","woman,0.94118553","musician,0.9411071","performance,0.9314479","singer,0.9287079","two,0.92176485","museum,0.91872036","music,0.9152879","indoors,0.9073165","stage,0.9023402","recreation,0.89998704","theater,0.8787398","movie,0.87033135","furniture,0.8630023",
14,"people,0.9935914","adult,0.978279","portrait,0.976302","man,0.9659794","wear,0.9415448","one,0.9390371","two,0.9238093","woman,0.9215269","performance,0.90277004","musician,0.8952855","recreation,0.8936629","music,0.8843781","museum,0.88091004","room,0.87955165","group,0.8743504","administration,0.87191975","religion,0.86589956","leader,0.86190164","indoors,0.8607477","singer,0.85834074",
15,"people,0.9977127","one,0.99177885","adult,0.9915192","man,0.9858196","wear,0.9678441","recreation,0.9554886","religion,0.9456638","two,0.9295216","indoors,0.92336226","portrait,0.92259294","room,0.91825074","outfit,0.91347456","festival,0.9113977","offense,0.9110292","woman,0.9073296","group,0.89863","blur,0.8916831","business,0.8896517","administration,0.87539864","music,0.87528014",
16,"no person,0.93886214","people,0.9273437","art,0.88827926","wear,0.88399196","vintage,0.8586533","indoors,0.85642934","wedding,0.8558548","one,0.84648645","decoration,0.827752","light,0.81822973","texture,0.81348836","blur,0.81048596","flower,0.7979539",
17,"people,0.9445862","wedding,0.9442175","no person,0.9429079","wear,0.90947086","woman,0.8764053","love,0.87617016","bride,0.8602588","flower,0.8586302","veil,0.8460984","blur,0.8458127","one,0.8430859","art,0.82507825","indoors,0.8042623","man,0.80340916","fashion,0.8011996","ceremony,0.7975459",
18,"no person,0.97743046","blur,0.9459349","people,0.94542634","one,0.94363904","flower,0.93181354","woman,0.9277289","wear,0.92424357","art,0.8961263","fashion,0.8935435","girl,0.88909054","light,0.8861774","adult,0.8707135","indoors,0.8669483","nude,0.84162796","dark,0.83121","love,0.8289617","shadow,0.82330775","portrait,0.8219725","abstract,0.81814736","color,0.80661404",
19,"portrait,0.99652237","people,0.9950721","adult,0.98995984","one,0.9885545","man,0.9864731","side view,0.94929636","profile,0.93580335","face,0.93579423","light,0.9355291","model,0.9151515","blur,0.9026791","shadow,0.90101516","wear,0.89840984","veil,0.8779807","dark,0.86422455","indoors,0.8503709","studio,0.8481568","religion,0.8446973","girl,0.8412429","concentration,0.8330331",
20,"portrait,0.9956098","people,0.99532855","one,0.99260247","adult,0.98916155","man,0.9795924","side view,0.92831296","wear,0.9043059","indoors,0.9022834","model,0.9010205","light,0.89612603","profile,0.89395505","face,0.8505684","shadow,0.85051596","girl,0.84557354","facial expression,0.8435006","woman,0.84100586","blur,0.82746613","eyewear,0.81962514","dark,0.81619465","music,0.79783636",
21,"portrait,0.9951697","people,0.99165833","man,0.9858165","adult,0.9847483","one,0.97965354","facial hair,0.9722339","mustache,0.9169516","wear,0.9102068","face,0.8736103","facial expression,0.8433846","music,0.8345628","light,0.81012255","side view,0.8029916","festival,0.78299403",
22,"portrait,0.99383855","people,0.9920102","adult,0.9817345","one,0.98021483","man,0.9760865","facial hair,0.9544015","wear,0.93227625","light,0.9003858","mustache,0.8904406","side view,0.8540021","music,0.85328966","spotlight,0.8520031","festival,0.83045685","facial expression,0.8294716","indoors,0.80636865","menswear,0.79480755",
23,"people,0.99416435","portrait,0.9885925","one,0.9883028","adult,0.98174286","man,0.9678684","wear,0.92537475","outfit,0.8885076","administration,0.8842151","music,0.87299824","indoors,0.870422","leader,0.8497423","light,0.84757763","offense,0.82758945","profile,0.8086043","side view,0.7872555",
24,"people,0.9936756","one,0.9884683","adult,0.9853164","man,0.97045505","portrait,0.9612166","outfit,0.9547241","wear,0.9457924","indoors,0.914569","leader,0.90123427","administration,0.8870253","two,0.8736321","room,0.86909693","veil,0.86715055","furniture,0.85146224","menswear,0.8394637","music,0.8320492","musician,0.8314415","chair,0.82592016","side view,0.81906897","sit,0.8102325",
25,"one,0.9946358","people,0.9942691","adult,0.99052227","indoors,0.97374624","man,0.97298944","wear,0.9647007","portrait,0.9634596","room,0.9489511","outfit,0.94871104","furniture,0.9312321","veil,0.9243339","book series,0.8943368","home,0.8889003","menswear,0.88165355","sit,0.86745703","music,0.867297","musician,0.8648554","chair,0.86215293","administration,0.86194825","dinner jacket,0.8358234",
26,"people,0.99249756","one,0.98863864","adult,0.9815399","portrait,0.9674932","man,0.95879126","indoors,0.95002025","outfit,0.92168856","room,0.9162487","wear,0.9108566","home,0.9058918","administration,0.8821657","veil,0.88106215","musician,0.8658879","offense,0.8658707","music,0.8579337","education,0.84492993","leader,0.8212039","museum,0.8207424","law,0.81975913","chair,0.79199195",
27,"people,0.9957012","adult,0.98815656","one,0.98411626","portrait,0.96587455","man,0.9568329","indoors,0.955973","light,0.9547767","blur,0.95150995","room,0.9420142","music,0.90820634","wear,0.8942361","museum,0.8892879","flame,0.87693095","religion,0.8766519","candle,0.85324615","woman,0.84836185","performance,0.8397865","festival,0.83481467","musician,0.83109593","offense,0.8258755",
28,"people,0.9988705","one,0.9964499","adult,0.9951354","room,0.97689044","wear,0.962673","man,0.96070683","portrait,0.9443152","furniture,0.9439278","offense,0.9412696","music,0.93308175","light,0.91988325","indoors,0.91149884","museum,0.91086435","religion,0.90192306","side view,0.89482","candle,0.8870554","recreation,0.8812004","two,0.8807261","home,0.87943166","group,0.8754442",
29,"portrait,0.9954455","people,0.9953352","one,0.99297243","adult,0.9856853","man,0.9773998","leader,0.95403945","spotlight,0.9279165","profile,0.9216039","light,0.9194911","politician,0.9173843","wear,0.9151992","side view,0.9118064","facial expression,0.9103377","administration,0.90348804","music,0.8926897","business,0.8854578","outfit,0.8629552","election,0.8248663","confidence,0.79636157",
30,"people,0.9950958","portrait,0.99116135","one,0.991081","adult,0.9828663","man,0.97014034","facial expression,0.9598844","wear,0.9160341","music,0.91413593","light,0.87413496","face,0.85506725","profile,0.83145976","singer,0.82531965","musician,0.8237047","leader,0.8095093","side view,0.80788106","optimism,0.8016205","indoors,0.79224885",
31,"people,0.99586374","portrait,0.9922905","one,0.9836911","adult,0.9749635","man,0.9707415","music,0.9542874","facial expression,0.9438694","wear,0.92673427","light,0.9242147","festival,0.8869411","musician,0.8813405","spotlight,0.8634062","singer,0.8597902","administration,0.85700023","leader,0.8503426","optimism,0.8484676","indoors,0.8434062","politician,0.8266961","business,0.82613117","outfit,0.82465625",
32,"people,0.99574125","adult,0.9815296","man,0.9781381","portrait,0.96655905","one,0.9511527","two,0.93805504","light,0.9186845","wear,0.89925665","woman,0.8900322","music,0.886922","stage,0.8837457","religion,0.8785294","museum,0.8750081","indoors,0.8700849","performance,0.8692212","group,0.84028596","festival,0.8354414","theatre,0.8306867","leader,0.82900184","room,0.81382185",
33,"people,0.99462116","adult,0.97756755","man,0.9750837","portrait,0.96211743","one,0.9429934","two,0.91720706","wear,0.8995815","light,0.8961346","indoors,0.8946569","music,0.88357735","museum,0.8768245","stage,0.8738011","religion,0.8734447","woman,0.87264276","group,0.8649862","performance,0.8619472","business,0.85883397","leader,0.85257673","room,0.8463485","administration,0.80579054",
34,"people,0.99232394","adult,0.97232133","man,0.9607055","portrait,0.93142974","light,0.9198983","one,0.9093473","music,0.8883954","religion,0.88677764","wear,0.873947","two,0.86934197","museum,0.86239326","stage,0.8603128","performance,0.8540742","group,0.8500763","indoors,0.834607","festival,0.8260818","candle,0.8133975","theatre,0.8080498","leader,0.80110717","business,0.79997265",
35,"people,0.99111927","portrait,0.989447","one,0.97085637","adult,0.96047574","man,0.95876825","light,0.9257264","dark,0.8865082","face,0.85965854","music,0.8567141","shadow,0.8324182","side view,0.80314845","concert,0.78571546",
36,"people,0.9939425","adult,0.987708","portrait,0.9847742","one,0.9767262","man,0.9611194","blur,0.9546256","wear,0.94222796","side view,0.9244003","light,0.91049725","lid,0.89472485","landscape,0.8941385","music,0.88205016","outfit,0.8809165","veil,0.872702","profile,0.86724627","indoors,0.8666209","business,0.8662976","recreation,0.8592671","festival,0.83694196","museum,0.8261806",
37,"people,0.99478996","lid,0.98826915","portrait,0.9850533","adult,0.98332554","one,0.97664815","veil,0.9683075","wear,0.95834315","man,0.95130813","side view,0.9391918","light,0.924472","woman,0.9168623","music,0.90161324","indoors,0.8940226","religion,0.89238095","blur,0.8606117","cap,0.8592082","child,0.8586716","boy,0.8456501","outfit,0.84318715","facial expression,0.8423976",
38,"lid,0.9946549","people,0.99378514","portrait,0.9895148","adult,0.9841401","one,0.97675884","veil,0.9764953","man,0.96774185","wear,0.9556741","side view,0.9243577","cap,0.92074025","light,0.9168797","music,0.89446676","festival,0.88188195","religion,0.86869836","outfit,0.863219","boy,0.8598945","musician,0.85956144","facial expression,0.85274714","blur,0.84186625","indoors,0.81923693",
39,"people,0.9922047","man,0.96932495","adult,0.96283674","blur,0.94208074","light,0.92151856","portrait,0.9122823","woman,0.9016842","indoors,0.89983857","religion,0.8956926","music,0.8951479","stage,0.8937086","one,0.89065534","wear,0.86006296","performance,0.8533542","two,0.84792995","wedding,0.82703066","candle,0.80630237","business,0.80620897","festival,0.7958202",
40,"people,0.9920533","adult,0.96611536","man,0.9628944","religion,0.93014973","candle,0.90893316","light,0.90657085","stage,0.89949596","flame,0.8942498","portrait,0.8898548","one,0.87719345","performance,0.8733588","two,0.8583788","museum,0.8556453","music,0.85484356","woman,0.8472383","festival,0.8380369","wear,0.82461953","room,0.8242438","blur,0.816015","group,0.80999523",
41,"people,0.99532735","portrait,0.99179685","one,0.98599875","adult,0.9800394","man,0.9635434","light,0.91419244","side view,0.8797643","shadow,0.8748075","music,0.87156606","wear,0.86503613","face,0.8246858","profile,0.81854475","athlete,0.8156619","boy,0.80671585","dark,0.8060132","woman,0.8056977","art,0.80262184","model,0.79867876",
42,"people,0.9973897","portrait,0.99514925","one,0.99463093","adult,0.99241495","man,0.9861113","wear,0.9782908","outfit,0.9486276","outerwear,0.9257822","menswear,0.90867877","administration,0.8855307","music,0.8854397","indoors,0.8841049","leader,0.8775044","facial expression,0.87513226","side view,0.8736558","facial hair,0.8597164","light,0.8388078","jacket,0.8260263","tie,0.8111255","movie,0.8037014",
43,"people,0.994697","portrait,0.9891482","one,0.98700005","adult,0.98499715","man,0.9753907","wear,0.9624601","outfit,0.9291949","administration,0.89045966","outerwear,0.8789401","menswear,0.8747114","music,0.874699","indoors,0.86708915","facial expression,0.86550117","light,0.85124886","leader,0.82713926","side view,0.8242085","musician,0.8065491","facial hair,0.8013052","fashion,0.79768777",
44,"people,0.9965445","one,0.99246037","adult,0.98766977","man,0.9857332","portrait,0.9809154","wear,0.93999004","music,0.9031558","side view,0.8993556","leader,0.8694643","light,0.86260283","outfit,0.85119843","administration,0.84612536","indoors,0.841231","religion,0.8352417","facial hair,0.833081","musician,0.80740863","singer,0.8046421","festival,0.7978139",
45,"people,0.9887883","light,0.96657324","flame,0.96392405","evening,0.963238","woman,0.94764143","dark,0.9364097","girl,0.9272795","silhouette,0.9255755","sunset,0.92510784","adult,0.9192518","shadow,0.91747105","motion,0.9146993","man,0.9027072","blur,0.89072955","candle,0.88282204","beach,0.8675435","backlit,0.86136526","child,0.8606335","portrait,0.8547554","religion,0.8491435",
46,"people,0.99581635","adult,0.9696944","man,0.9598782","portrait,0.9578388","religion,0.941623","two,0.93472004","group,0.9339162","music,0.9216176","interaction,0.9078339","one,0.89512575","wear,0.8848326","musician,0.86583006","festival,0.84406734","three,0.8344366","woman,0.8337389","battle,0.8121755","child,0.81181955","concert,0.80862045","recreation,0.80855644","facial expression,0.8073017",
47,"people,0.9958087","adult,0.9805862","portrait,0.9767419","music,0.9561108","interaction,0.9555359","man,0.95430994","musician,0.93386364","group,0.92811155","two,0.9280902","woman,0.9208349","facial expression,0.9122387","wear,0.90620965","offense,0.8972627","one,0.89699316","singer,0.8894701","administration,0.8888967","religion,0.8833116","battle,0.8819936","festival,0.8801187","concert,0.87145483",
48,"people,0.99489325","portrait,0.9806869","adult,0.9743853","music,0.95229983","man,0.938152","two,0.92121077","woman,0.91635346","one,0.9110514","interaction,0.91033125","musician,0.8956963","child,0.8899497","girl,0.8782486","group,0.8779063","family,0.86099696","facial expression,0.8461658","wear,0.84582996","administration,0.8431326","singer,0.8409028","religion,0.8390222","concert,0.8384142",
49,"people,0.99549377","portrait,0.98510206","adult,0.9808192","man,0.9581326","two,0.9516676","one,0.94482917","music,0.9447473","woman,0.944502","child,0.9298295","interaction,0.9169237","room,0.91444516","indoors,0.90991485","facial expression,0.9071969","wear,0.90498054","group,0.90080035","girl,0.90061194","family,0.89756346","musician,0.89449984","religion,0.87523526","three,0.85845053",
50,"people,0.994519","portrait,0.98304474","adult,0.9771607","man,0.9662577","two,0.9267565","music,0.9191859","one,0.9132323","facial expression,0.90556014","child,0.8847824","wear,0.8789226","indoors,0.87316966","woman,0.8689464","interaction,0.86865115","room,0.85347617","musician,0.8386106","girl,0.8366266","battle,0.83250934","offense,0.83031255","religion,0.8262144","administration,0.8252964",
51,"people,0.99488366","adult,0.9812002","portrait,0.9797962","man,0.9604475","music,0.93840307","one,0.9308269","two,0.91773283","indoors,0.8936975","woman,0.88964546","room,0.8892727","musician,0.8737519","facial expression,0.8703731","wear,0.86920077","group,0.8563474","child,0.8344548","offense,0.83333933","interaction,0.8309436","family,0.8063143","three,0.8029114","religion,0.8028761",
52,"people,0.9958546","adult,0.9880743","one,0.9875542","religion,0.9828825","candle,0.9620298","portrait,0.95239615","man,0.94131815","church,0.9279083","light,0.919176","wear,0.91580427","two,0.9069235","leader,0.90470845","home,0.90159065","indoors,0.888297","candlelight,0.8806988","administration,0.87501216","museum,0.869105","side view,0.86725426","outfit,0.8411397","room,0.83654004",
53,"people,0.99281514","one,0.9907532","portrait,0.9849147","man,0.97779375","adult,0.9748101","wear,0.893152","side view,0.88620394","light,0.86586356","music,0.8571768","athlete,0.8234573","facial expression,0.80630726","facial hair,0.80026007","religion,0.7902843",
54,"people,0.9958353","portrait,0.99217075","one,0.99040794","adult,0.9882896","man,0.9773828","side view,0.9603572","wear,0.9500829","profile,0.9179052","light,0.8996982","indoors,0.88864195","facial expression,0.8885255","blur,0.8666816","music,0.8516104","outfit,0.8363792","leader,0.79936606",
55,"people,0.9973694","adult,0.99202883","man,0.97612417","wear,0.9682875","religion,0.96751237","one,0.9514532","outfit,0.9486723","leader,0.9484364","group,0.9411522","portrait,0.9403401","recreation,0.9362216","two,0.9177547","music,0.914938","administration,0.9101631","facial expression,0.9058043","offense,0.9031265","musician,0.88976055","candle,0.8840091","veil,0.8800535","performance,0.8637101",
56,"people,0.99771786","adult,0.98936146","group,0.97782004","man,0.97589266","religion,0.9548164","bar,0.95146275","woman,0.94793946","indoors,0.9455414","room,0.9447384","candle,0.91900456","wear,0.9143042","two,0.91247255","restaurant,0.90993655","several,0.90397245","one,0.90185726","recreation,0.89657676","music,0.8830426","furniture,0.8804897","many,0.86386824","commerce,0.85318244",
57,"people,0.99628913","furniture,0.99263954","room,0.9926111","table,0.98167163","seat,0.9812553","adult,0.97289306","indoors,0.9655707","chair,0.96462816","candle,0.96352804","tableware,0.9607637","bar,0.9560723","container,0.9539596","group,0.95105636","one,0.9508393","restaurant,0.93243456","home,0.92633814","place setting,0.91185683","interior design,0.90697896","drink,0.8989711","light,0.8483747",
58,"people,0.99668497","adult,0.9941263","one,0.99156797","portrait,0.9849416","man,0.9800812","side view,0.96928513","indoors,0.96015656","room,0.95478904","wear,0.9545274","profile,0.95374453","outfit,0.9498378","business,0.9413266","music,0.9385954","blur,0.9341574","facial expression,0.9264623","light,0.9118545","concentration,0.9113679","two,0.9003043","home,0.89321536","administration,0.8874472",
59,"people,0.99738646","adult,0.98732746","one,0.9705109","portrait,0.9670446","woman,0.95881116","administration,0.94160604","side view,0.9407172","man,0.93569577","wear,0.9305638","two,0.9260073","indoors,0.9259143","music,0.921031","room,0.92013395","home,0.91194075","religion,0.91168964","interaction,0.8992449","leader,0.8960303","profile,0.89455783","group,0.89018774","facial expression,0.88161004",
60,"people,0.9857997","one,0.97589815","adult,0.95991325","music,0.945658","light,0.93748844","portrait,0.9206362","indoors,0.9101958","performance,0.9078014","man,0.90648746","musician,0.90470517","concert,0.8962542","woman,0.8769653","singer,0.86844516","food,0.8450257","flame,0.84098494","room,0.83872676","stage,0.83318144","festival,0.83055186","wear,0.8053322","religion,0.77684826",
61,"people,0.99759245","adult,0.97899157","woman,0.9676399","museum,0.96450114","religion,0.962989","man,0.9598687","wedding,0.9574934","girl,0.94302166","indoors,0.94289005","room,0.9400916","one,0.9394478","group,0.9312018","street,0.93080103","portrait,0.9305041","two,0.926811","church,0.92281663","light,0.92070866","city,0.9179628","model,0.9009817","child,0.8924761",
62,"people,0.99757177","adult,0.987184","woman,0.9724177","room,0.96913874","one,0.96542245","museum,0.9650061","indoors,0.9634005","man,0.95379394","girl,0.94897354","two,0.94381076","furniture,0.94282013","religion,0.9417702","portrait,0.9367716","group,0.92800367","music,0.92312884","model,0.9145207","recreation,0.91264045","nude,0.9011537","seat,0.8957304","city,0.88913685",
63,"people,0.9982917","adult,0.98943883","one,0.9864366","woman,0.97056264","portrait,0.9634143","room,0.957649","two,0.95431805","man,0.95418084","museum,0.94447047","group,0.9364501","girl,0.9275188","music,0.9241363","indoors,0.9184408","nude,0.9139624","seat,0.9023898","furniture,0.9014642","city,0.89556193","home,0.8925739","light,0.8856192","street,0.8855524",
64,"people,0.99652195","adult,0.983763","one,0.96259373","woman,0.9618639","room,0.9590789","indoors,0.94447213","museum,0.9444603","girl,0.9390729","religion,0.9340757","nude,0.9333893","healthcare,0.9291247","light,0.9285269","furniture,0.92790663","offense,0.9262471","group,0.9218986","man,0.9204708","portrait,0.9204254","city,0.9171962","two,0.90302324","seat,0.90187055",
65,"people,0.9934756","adult,0.98893374","one,0.98749477","portrait,0.9795632","room,0.9695569","building,0.9561026","light,0.9540124","musician,0.95080996","music,0.94610584","singer,0.9273456","performance,0.9258814","landscape,0.9166552","man,0.9149642","concert,0.90840507","blur,0.90571475","city,0.90474457","festival,0.9008477","stage,0.9003689","administration,0.90033776","indoors,0.8994919",
66,"people,0.997838","one,0.9898143","adult,0.9893696","religion,0.9791788","bed,0.9789942","room,0.97521555","indoors,0.9702349","man,0.9639567","portrait,0.96216035","reclining,0.96005374","bedroom,0.9538359","furniture,0.9515995","two,0.93499124","offense,0.9215728","woman,0.91534424","light,0.9111546","family,0.90040517","ailment,0.884663","side view,0.87829626","medical practitioner,0.87760746",
67,"no person,0.9867575","light,0.9567063","museum,0.9561366","indoors,0.95214295","architecture,0.9509047","building,0.9490363","people,0.9407327","travel,0.93626565","room,0.93481296","city,0.93430245","urban,0.875016","business,0.8629595","window,0.853425","home,0.8526678","step,0.8385991","bedrock,0.83119595","daylight,0.8293273","wood,0.8189622","lamp,0.80691475","university,0.8047116",
68,"no person,0.9899613","light,0.970008","indoors,0.95778775","building,0.9560748","architecture,0.95135057","room,0.9462992","museum,0.94616866","city,0.93445474","home,0.93227065","travel,0.919678","business,0.9187334","window,0.89285076","hospital,0.86452544","family,0.85140085","urban,0.847414","people,0.8458984","offense,0.8369211","daylight,0.835361","hallway,0.8228815","bedrock,0.82065016",
69,"no person,0.9856107","indoors,0.9704549","room,0.96725357","step,0.9578581","light,0.9571388","building,0.9523945","museum,0.9378495","people,0.9372231","daylight,0.9340587","wood,0.9300281","architecture,0.91858923","city,0.912812","home,0.9090042","furniture,0.908815","one,0.90453684","travel,0.9044913","blur,0.8903955","business,0.8747418","house,0.84751403","window,0.8443866",
70,"people,0.99759686","one,0.99337655","adult,0.9928613","woman,0.97018766","no person,0.9694119","indoors,0.9598819","religion,0.9577277","man,0.9551439","wear,0.9368362","art,0.93531847","sculpture,0.9260427","mammal,0.9233717","nude,0.91929483","painting,0.905833","daylight,0.9008882","child,0.8983039","blur,0.8920822","music,0.8908609","reclining,0.89009523","two,0.88987696",
71,"people,0.9957322","adult,0.99279594","one,0.9904363","portrait,0.9682361","furniture,0.96504843","window,0.9475626","room,0.9473572","side view,0.9215598","home,0.9143592","administration,0.91141796","indoors,0.91062367","man,0.90847254","wear,0.90157664","offense,0.8933524","light,0.8917759","building,0.8878366","girl,0.866683","step,0.8619757","religion,0.8544285","facial expression,0.84784555",
72,"people,0.99780846","one,0.9954409","adult,0.9902476","woman,0.9615894","indoors,0.9524815","man,0.9483171","two,0.9456427","religion,0.94381124","wear,0.9021691","group,0.90019846","room,0.89792967","music,0.88422513","portrait,0.8695433","furniture,0.8670034","child,0.85992384","mammal,0.827438","art,0.8228953","painting,0.81179357","side view,0.80842483","recreation,0.78243816",
73,"people,0.99786603","one,0.9948742","adult,0.99428505","indoors,0.9852","woman,0.97288","religion,0.97173","blur,0.9710762","man,0.96411836","room,0.9538668","two,0.95273787","wear,0.9517442","furniture,0.94592977","group,0.92809486","museum,0.92059803","side view,0.9119834","music,0.9114702","concentration,0.9006719","portrait,0.88250387","god,0.8799523","book series,0.87252235",
74,"people,0.9948714","adult,0.9760488","man,0.9728559","one,0.9701798","religion,0.93631905","indoors,0.9200764","woman,0.8978325","wear,0.8898063","military,0.87774205","no person,0.8604399","light,0.837975","weapon,0.82829565","skill,0.8199569","war,0.8184531","portrait,0.81136966","museum,0.8105594","battle,0.8052955","vehicle,0.80500937","travel,0.7958238",
75,"people,0.9850857","no person,0.9808948","wood,0.95280623","one,0.9439045","indoors,0.93814313","building,0.9287877","step,0.92787266","light,0.9272506","architecture,0.9175558","daylight,0.91358757","adult,0.90570563","religion,0.8964339","museum,0.88835084","home,0.88138145","room,0.87608194","shadow,0.8759484","fence,0.8747891","city,0.8683941","travel,0.8607511","window,0.8441503",
76,"window,0.9790429","wood,0.97736865","room,0.9650543","furniture,0.9590473","building,0.94288313","no person,0.9416255","people,0.934464","architecture,0.92738456","door,0.92545927","indoors,0.92281973","house,0.8964779","wall,0.86838055","light,0.86600655","blur,0.85994935","vintage,0.8452959","museum,0.84255475","daylight,0.8335115","family,0.82151616","old,0.8187343","one,0.8028463",
77,"people,0.99332976","adult,0.9847286","man,0.96211135","room,0.9550086","two,0.94747746","indoors,0.9425329","woman,0.9391024","group,0.938544","wear,0.93090874","portrait,0.93060374","light,0.9305287","museum,0.9149362","one,0.9097496","music,0.876732","mirror,0.86964035","home,0.8452601","family,0.84414285","girl,0.83975536","recreation,0.80570114","offense,0.80478376",
78,"people,0.9974325","one,0.9917806","adult,0.98818696","indoors,0.98009586","man,0.9770095","portrait,0.9526488","music,0.9522669","room,0.93677485","blur,0.9288356","light,0.9034511","religion,0.8994713","city,0.89838505","museum,0.8841001","street,0.8810828","bar,0.8756354","musician,0.85267174","wear,0.82903755","woman,0.8127358","travel,0.79829574",
79,"people,0.99588084","adult,0.9749628","woman,0.96999514","man,0.9605844","wear,0.9321703","two,0.9232324","music,0.9193666","indoors,0.91893196","one,0.90060663","light,0.88607574","group,0.87570834","dancing,0.8730338","child,0.85525846","mirror,0.84629047","art,0.84495056","performance,0.8438909","recreation,0.82647467","portrait,0.8167008","shadow,0.8146564","nude,0.81151605",
80,"people,0.9955118","one,0.99031454","adult,0.9825711","music,0.97993994","portrait,0.96848357","musician,0.9671513","indoors,0.96204555","man,0.96118355","blur,0.92140514","room,0.9172417","singer,0.9093202","light,0.90269417","concert,0.9011414","performance,0.89798224","offense,0.89735633","wear,0.88995606","recreation,0.84799385","rap,0.8453467","home,0.8434408","two,0.83161294",
81,"abstract,0.95927465","blur,0.9441645","spotlight,0.933652","pattern,0.9303074","background,0.92310095","fabric,0.91718155","wall,0.9155463","art,0.8967544","dark,0.8879298","wallpaper,0.8720001","design,0.8605598","texture,0.8502138","desktop,0.84786105","decoration,0.84113085","insubstantial,0.83982015","vintage,0.82119024","furniture,0.8204264","retro,0.8077786","no person,0.7926289",
82,"people,0.99173665","portrait,0.98672134","one,0.9719763","adult,0.9692198","side view,0.963849","profile,0.95569515","light,0.92481995","music,0.91112596","wear,0.90310574","man,0.8794172","indoors,0.8511006","backlit,0.8437207","shadow,0.8364046","spotlight,0.8359715","window,0.80191386","musician,0.800047","room,0.7939806",
83,"people,0.9891242","portrait,0.9881027","one,0.9823526","adult,0.9738027","side view,0.95486045","profile,0.93742573","light,0.92609465","wear,0.9210077","music,0.9000974","man,0.8593771","indoors,0.8402804","art,0.82760334","spotlight,0.8101728","window,0.78842163",
84,"people,0.9916594","portrait,0.9880962","one,0.9843687","adult,0.97830415","profile,0.95416784","music,0.94862556","light,0.9443766","side view,0.9429225","wear,0.9139274","shadow,0.8856821","backlit,0.88042533","musician,0.8739259","spotlight,0.8691449","indoors,0.8587241","man,0.85458744","room,0.83155704","window,0.82134855","singer,0.78925115",
85,"people,0.9849768","one,0.98000145","portrait,0.979476","adult,0.9729985","wear,0.945065","profile,0.9329637","side view,0.93191177","light,0.9249835","art,0.8644835","spotlight,0.8457935","music,0.83426","room,0.8240005","woman,0.8216716","shadow,0.8173041","window,0.8118395","sculpture,0.8036357","blur,0.79197043",
86,"people,0.99601793","adult,0.98097694","one,0.9701866","room,0.9465939","woman,0.9448577","wear,0.9443215","furniture,0.927717","religion,0.9216565","light,0.9063862","man,0.9012834","indoors,0.8984057","two,0.8917278","music,0.8890801","wood,0.8841677","group,0.8826391","performance,0.85586107","travel,0.83608735","offense,0.83170056","portrait,0.8273845","window,0.8110244",
87,"people,0.9928223","room,0.9763049","adult,0.9731426","furniture,0.9616655","one,0.95838773","wood,0.93831384","indoors,0.92633295","light,0.9160397","wear,0.9050195","two,0.9027617","woman,0.9001737","man,0.8871967","group,0.87954295","music,0.87288326","table,0.8683568","home,0.8561382","offense,0.8424872","desk,0.83949","window,0.8345262","bedroom,0.83092284",
88,"people,0.9937243","one,0.99040806","adult,0.9896468","portrait,0.9823601","man,0.96661407","wear,0.94162834","side view,0.92653763","indoors,0.9206575","furniture,0.9161661","offense,0.9120011","music,0.9086969","weapon,0.88886213","room,0.88435507","profile,0.87710834","musician,0.8759276","concentration,0.86241984","light,0.85528076","facial expression,0.8279939","outfit,0.8076277","shadow,0.8074491",
89,"one,0.99010617","people,0.98373485","portrait,0.98337287","adult,0.9698983","blur,0.96297395","man,0.9622258","wear,0.94256735","side view,0.9358906","profile,0.9119339","light,0.90422875","indoors,0.89246","window,0.8897644","outfit,0.8678422","administration,0.8437246","music,0.84005713","furniture,0.8337866","museum,0.83035177","room,0.799404",
90,"people,0.9967507","adult,0.98596734","one,0.97340846","room,0.96680707","woman,0.9454191","furniture,0.94278455","light,0.9404307","wood,0.9365076","indoors,0.9253168","wear,0.92186534","man,0.92023313","religion,0.9075266","home,0.8953085","two,0.8947936","window,0.8946096","travel,0.8827996","offense,0.88117635","portrait,0.8798135","group,0.8763341","music,0.86716455",
91,"blur,0.9791543","people,0.97851557","fog,0.97557026","art,0.9520066","portrait,0.9484787","light,0.943134","no person,0.9381491","landscape,0.9320487","girl,0.9315642","smoke,0.92885363","water,0.9127312","mist,0.912224","wear,0.9014287","adult,0.899467","dawn,0.89642155","nude,0.89611495","daylight,0.8923833","winter,0.88182616","storm,0.85808855","outdoors,0.85319686",
92,"people,0.98893964","light,0.9494067","adult,0.9474608","girl,0.9407003","portrait,0.9284296","abstract,0.92645705","art,0.92535555","room,0.9191587","blur,0.9175495","nude,0.89639276","window,0.8945187","woman,0.8874012","bathroom,0.8782362","wall,0.87744206","bath,0.868111","indoors,0.86710596","reflection,0.864733","landscape,0.8541809","vintage,0.852879","no person,0.8417498",
93,"no person,0.9811547","people,0.97656447","one,0.96637285","still life,0.9335895","wood,0.9172195","wear,0.9140019","adult,0.9051118","man,0.89607257","shadow,0.88665575","invertebrate,0.8865148","daylight,0.8804076","art,0.85884106","insect,0.85381114","veil,0.8512487","travel,0.84280276","beach,0.8412216","military,0.8348349","desert,0.825401","woman,0.81816137","two,0.79789674",
94,"people,0.9871187","no person,0.9803408","one,0.9695915","adult,0.95041776","wear,0.94230986","still life,0.9330961","man,0.93302333","veil,0.9224316","wood,0.9217939","daylight,0.91765606","beach,0.89978594","shadow,0.89954734","woman,0.89877236","art,0.8976307","travel,0.89682204","military,0.8728354","portrait,0.8473064","desert,0.8460058","light,0.8370882","leather,0.8339915",
95,"blur,0.9877572","light,0.974159","people,0.97138166","indoors,0.96756744","one,0.9639145","room,0.96316385","furniture,0.9449667","wood,0.93282926","adult,0.92590463","window,0.9091724","daylight,0.9032273","shadow,0.8984792","portrait,0.8798301","action,0.8755071","no person,0.87352747","table,0.8716041","wear,0.87121636","art,0.86950797","music,0.86918914","religion,0.86558414",
96,"blur,0.98584545","wood,0.96520793","room,0.9629087","flame,0.95850694","indoors,0.9583912","light,0.9564033","people,0.94284487","one,0.9381002","furniture,0.9198852","table,0.8972156","no person,0.89211595","adult,0.88654876","still life,0.87320495","action,0.8662443","art,0.86602366","smoke,0.8554122","window,0.85540533","food,0.8526674","vintage,0.8415388","museum,0.8347657",
97,"people,0.996759","adult,0.9859524","one,0.98041946","light,0.97272104","room,0.95865","portrait,0.94752014","wear,0.9280268","indoors,0.9277563","man,0.92713875","calamity,0.91282964","window,0.90899336","religion,0.90555525","flame,0.90532017","offense,0.89830554","performance,0.8911017","landscape,0.877885","nude,0.8765001","travel,0.87215066","art,0.8664414","shadow,0.85813296",
98,"people,0.9972002","adult,0.9913687","one,0.9912418","portrait,0.9713949","woman,0.96997225","man,0.9607191","music,0.9496974","wear,0.94359124","two,0.93972063","blur,0.9331948","performance,0.9186469","religion,0.9037329","musician,0.8903767","girl,0.88918877","indoors,0.88881505","concert,0.88105005","action,0.8741981","landscape,0.86776423","stage,0.86170304","recreation,0.8559376",
99,"people,0.9962282","one,0.99583423","adult,0.99428254","wear,0.9514391","woman,0.94388425","action,0.93316203","vehicle,0.9301642","man,0.93002605","side view,0.92613435","music,0.923102","mammal,0.91226447","blur,0.9091561","portrait,0.9081503","musician,0.9051385","light,0.9033629","singer,0.90036345","recreation,0.88615954","two,0.8707396","motion,0.86323977","athlete,0.8447074",
100,"people,0.9967432","one,0.99498236","adult,0.9922354","music,0.9601738","portrait,0.9385632","musician,0.9378542","concert,0.9337218","light,0.93022287","blur,0.92493474","woman,0.9245204","performance,0.9218544","backlit,0.9216875","man,0.92112964","singer,0.9154794","wear,0.9143442","action,0.91162455","recreation,0.90655005","side view,0.8914242","motion,0.88878554","athlete,0.8841305",
101,"people,0.998232","one,0.99548113","adult,0.99174863","no person,0.9709146","woman,0.96921605","two,0.96792257","nude,0.96684384","man,0.9505706","portrait,0.94660354","music,0.94106126","reclining,0.93823683","interaction,0.9353187","wear,0.9335062","recreation,0.92865175","blur,0.9250294","girl,0.9077592","action,0.90461373","religion,0.9038414","ailment,0.87400293","performance,0.8603705",
102,"no person,0.97165453","blur,0.96714926","wood,0.906613","empty,0.863063","abstract,0.8470386","art,0.8207415","retro,0.81610984","paper,0.8051621","old,0.76231116",
103,"people,0.9903186","one,0.9612257","indoors,0.95406497","offense,0.9403943","no person,0.934767","man,0.93058693","adult,0.9266615","furniture,0.9249203","room,0.9202126","calamity,0.8612839","light,0.8562929","war,0.8551866","religion,0.8348552","force,0.8263724","military,0.81985235","museum,0.8188715","woman,0.800165","weapon,0.79952747",
104,"people,0.99605846","one,0.99193335","adult,0.989799","portrait,0.96933925","man,0.95465565","wear,0.9467009","indoors,0.9453162","furniture,0.9410489","blur,0.9324882","religion,0.9237668","room,0.9183105","reclining,0.91644","light,0.9018453","two,0.89007765","side view,0.88863266","interaction,0.8832097","child,0.8768488","son,0.87569773","daylight,0.8753696","no person,0.8717972",
105,"wood,0.9887607","no person,0.9682657","food,0.96819097","blur,0.96504074","still life,0.93438363","calamity,0.9279851","daylight,0.9238702","table,0.91622233","rustic,0.9120477","light,0.89977145","wooden,0.8619789","vintage,0.85964537","board,0.85489345","landscape,0.8499047","old,0.84919035","wear,0.8442871","window,0.8157133","environment,0.79606384",
106,"people,0.98811233","no person,0.96853566","one,0.9675782","indoors,0.94716513","adult,0.9355883","man,0.92775786","calamity,0.9264109","offense,0.91876817","room,0.8816485","light,0.87383294","action,0.86522794","skill,0.8608571","military,0.8424623","flame,0.84208333","vehicle,0.82326424","woman,0.8165568","travel,0.8156394","wood,0.8149836","force,0.80800164","religion,0.7819712",
107,"people,0.9985137","adult,0.9905654","room,0.98733246","one,0.9864557","furniture,0.98073447","bed,0.9797261","bedroom,0.96913284","reclining,0.96203995","two,0.9616667","woman,0.95329356","indoors,0.9501995","man,0.94810665","religion,0.9478965","wear,0.94377744","light,0.93928546","portrait,0.9381319","offense,0.9256885","flame,0.9224855","group,0.90788823","sleep,0.9066108",
108,"people,0.9986185","adult,0.9886354","room,0.9857679","furniture,0.97425497","flame,0.9671863","one,0.9661546","bed,0.9655696","reclining,0.9611537","group,0.95919394","religion,0.95689297","man,0.9524981","woman,0.94894934","two,0.94536304","bedroom,0.93625724","portrait,0.9360657","offense,0.92348135","wear,0.9187355","light,0.91844","music,0.91159666","candle,0.9097722",
109,"people,0.98247147","flame,0.982369","food,0.98029387","no person,0.9786945","rain,0.9554546","light,0.9516333","calamity,0.9507625","one,0.9424499","storm,0.93516135","adult,0.9334316","weather,0.9292289","indoors,0.9283637","vehicle,0.9268466","blur,0.9242232","action,0.91962874","city,0.91122574","building,0.90129244","landscape,0.88299733","energy,0.88076556","still life,0.87381566",
110,"flame,0.98512495","no person,0.9814011","food,0.9775058","people,0.97510636","storm,0.9683904","calamity,0.9673324","action,0.95625097","rain,0.94679904","light,0.93913347","one,0.93796813","adult,0.9369147","weather,0.9318094","building,0.92291653","battle,0.9212496","vehicle,0.9167493","environment,0.90797997","blur,0.9065065","energy,0.89406717","landscape,0.89227533","explosion,0.889903",
111,"people,0.99346733","music,0.9855647","performance,0.9852823","one,0.9808146","adult,0.9767909","musician,0.9728158","singer,0.9628571","festival,0.95882905","concert,0.9557755","wear,0.93589234","recreation,0.91120625","stage,0.9087075","man,0.8938616","stringed instrument,0.8826308","portrait,0.8759839","religion,0.8723799","woman,0.86677","group,0.8565524","side view,0.8505856","two,0.84119713",
112,"people,0.99851114","adult,0.99480784","one,0.9920928","room,0.9867641","furniture,0.96483094","two,0.9593909","flame,0.953156","offense,0.9523921","indoors,0.95065635","man,0.9482794","portrait,0.9461769","battle,0.9443438","religion,0.9424125","interaction,0.941278","woman,0.9405616","healthcare,0.93918943","wear,0.93456674","position,0.9236495","home,0.91301906","calamity,0.908545",
113,"people,0.9976603","adult,0.99190253","one,0.98711026","room,0.9817583","indoors,0.97702754","religion,0.9673893","furniture,0.9663986","flame,0.95233375","man,0.94838315","two,0.93808347","no person,0.918931","weapon,0.9065448","home,0.9050728","woman,0.904435","offense,0.9024258","portrait,0.89983475","museum,0.8966706","wear,0.8954822","group,0.8945534","interaction,0.89381486",
114,"people,0.99056625","no person,0.9763657","one,0.9589255","indoors,0.9222855","adult,0.91869557","food,0.91082656","flame,0.8935715","man,0.88794076","room,0.88121367","religion,0.87991154","light,0.8691556","container,0.86624074","industry,0.86557055","calamity,0.8638439","grinder,0.8609556","vehicle,0.8565521","mine,0.8500835","military,0.84862334","museum,0.84758866","war,0.84288955",
115,"people,0.9986601","one,0.9938697","adult,0.99287885","flame,0.97391486","room,0.9675325","portrait,0.9654074","home,0.9531501","interaction,0.9504435","calamity,0.9378989","music,0.9366344","man,0.93650776","two,0.93150294","religion,0.9304391","wear,0.93030703","battle,0.9232037","furniture,0.92004013","woman,0.9126727","indoors,0.9077915","position,0.907532","offense,0.9048244",
116,"people,0.9990058","adult,0.99531674","one,0.9937706","room,0.969978","portrait,0.9685154","woman,0.96250784","two,0.96148485","position,0.9571525","man,0.9546291","wear,0.9429761","flame,0.93834066","offense,0.9327998","music,0.919691","indoors,0.91768694","home,0.9161698","interaction,0.9154991","religion,0.9139634","group,0.91324466","calamity,0.90882444","battle,0.8899158",
117,"no person,0.9762223","blur,0.96766245","motion,0.96329874","flame,0.9315201","people,0.92179126","fall,0.9161519","tree,0.9050864","food,0.900933","outdoors,0.8997572","water,0.89243436","light,0.8892803","action,0.8888867","drop,0.8781175","landscape,0.87494636","daylight,0.8569658","splash,0.8541604","wood,0.84866303","color,0.8483709","one,0.8309162","environment,0.8302265",
118,"people,0.97581106","no person,0.97553515","flame,0.97240657","calamity,0.9604522","action,0.9497808","food,0.9392928","light,0.92911065","adult,0.92879045","storm,0.92081475","one,0.9144716","energy,0.90819985","vehicle,0.9080522","explosion,0.8805745","weather,0.8753431","battle,0.8732691","home,0.8697826","building,0.86548555","dark,0.8622656","indoors,0.8564948","blur,0.8544637",
119,"no person,0.9871814","people,0.9852191","calamity,0.973773","vehicle,0.96123725","flame,0.94258225","adult,0.93717176","light,0.92247844","action,0.9185418","home,0.91300476","one,0.9118431","battle,0.905174","food,0.8994991","energy,0.8930359","storm,0.8768053","weapon,0.8767264","war,0.8734771","weather,0.8681567","explosion,0.8664056","offense,0.8627335","wear,0.85721254",
120,"people,0.99682736","adult,0.9897214","one,0.9741461","backlit,0.9667503","portrait,0.9643446","landscape,0.9511119","light,0.9503443","window,0.94833267","wear,0.9432726","storm,0.94170594","calamity,0.9317616","weather,0.9294338","daylight,0.9233421","woman,0.9222678","girl,0.90778553","interaction,0.9027262","action,0.9016681","city,0.8965229","room,0.8899173","silhouette,0.88242984",
121,"people,0.9953102","one,0.9908946","adult,0.9872534","woman,0.97137976","blur,0.9645643","girl,0.957469","no person,0.9526235","wear,0.93218035","light,0.9312972","man,0.9278532","nude,0.9222114","action,0.9131234","portrait,0.9032198","shadow,0.8963194","side view,0.89048207","backlit,0.8812727","daylight,0.8801958","mammal,0.86035746","sculpture,0.85353637","desert,0.8439719",
122,"no person,0.9713368","people,0.96250165","one,0.9444163","wear,0.91821945","man,0.90769446","reclining,0.90551597","wood,0.8999748","adult,0.8757638","indoors,0.87336123","furniture,0.87335503","religion,0.86997473","art,0.85478985","calamity,0.8398427","old,0.83482265","room,0.8140676","daylight,0.8121315","travel,0.8020065","museum,0.7720697",
123,"people,0.9832206","no person,0.98026395","man,0.9593032","one,0.9552237","wear,0.94836247","religion,0.94600666","indoors,0.9213667","adult,0.9205762","art,0.91627747","travel,0.90571356","reclining,0.89653665","wood,0.8797654","old,0.87453216","light,0.8720007","sculpture,0.853539","museum,0.83632106","dark,0.8258349","furniture,0.8175215","recreation,0.8076018","daylight,0.8038886",
124,"people,0.99679935","one,0.99214464","adult,0.99048746","man,0.97866726","wear,0.9429043","two,0.937149","woman,0.93008035","reclining,0.92746687","portrait,0.91944486","indoors,0.91427165","action,0.91208375","furniture,0.89842093","music,0.8974035","religion,0.8805118","room,0.87725663","recreation,0.8680066","blur,0.8575617","veil,0.8520139","offense,0.85171413","weapon,0.841241",
125,"people,0.99556804","flame,0.9937594","adult,0.98989254","smoke,0.97772765","one,0.97414356","music,0.9729899","performance,0.97177064","calamity,0.9508649","light,0.9495706","festival,0.9353997","portrait,0.9303309","landscape,0.92804873","room,0.923156","reclining,0.9228896","woman,0.9102052","stage,0.90708685","two,0.9067522","action,0.9024155","musician,0.89027804","concert,0.8896056",
126,"people,0.9975413","one,0.99399227","adult,0.9843768","man,0.95764416","portrait,0.94936895","wear,0.93855107","music,0.9377474","woman,0.9241618","recreation,0.9130481","religion,0.91003454","festival,0.89183164","performance,0.8818557","musician,0.86774474","child,0.865965","two,0.86570114","boy,0.8520307","calamity,0.8507393","indoors,0.83326423","blood,0.8263092","offense,0.8226932",
127,"people,0.9920414","adult,0.9785709","offense,0.9772904","one,0.9745083","portrait,0.948406","man,0.9316956","force,0.93045735","police,0.92253375","side view,0.90370226","music,0.89597046","indoors,0.8915931","wear,0.88674563","weapon,0.8829999","gun,0.8698283","woman,0.8679502","battle,0.8667669","room,0.86187685","recreation,0.8501042","action,0.8388914","blur,0.8370204",
128,"people,0.9951685","adult,0.98750913","one,0.9861375","weapon,0.97331566","war,0.9635142","action,0.9579277","portrait,0.9536613","military,0.94856685","gun,0.94206154","man,0.9382765","interaction,0.9285605","religion,0.919929","music,0.91121435","two,0.91044104","wear,0.9025167","soldier,0.89381635","vehicle,0.8937546","woman,0.88510466","offense,0.8782848","calamity,0.8619909",
129,"people,0.9981458","one,0.9948851","adult,0.99320745","portrait,0.9763967","man,0.97084457","ailment,0.94520867","wear,0.9431709","religion,0.93176395","side view,0.92854047","music,0.92779756","light,0.9142067","musician,0.89706177","recreation,0.89528817","festival,0.8952739","facial expression,0.8842368","woman,0.88049436","indoors,0.8714266","room,0.86995757","healthcare,0.8666838","interaction,0.86536837",
130,"blur,0.99462694","people,0.9903382","one,0.98396397","adult,0.96686804","action,0.9667185","light,0.9538156","portrait,0.9478438","competition,0.947165","backlit,0.94337106","woman,0.93787384","man,0.9339417","no person,0.92961395","art,0.928854","race,0.9213418","abstract,0.9067199","side view,0.9016333","water,0.8991257","motion,0.89799094","food,0.89257926","concert,0.8806946",
131,"people,0.9946313","one,0.98977244","adult,0.9869299","portrait,0.98449093","blur,0.9832673","light,0.95480406","sculpture,0.94985807","man,0.94807124","religion,0.94270754","woman,0.9420353","girl,0.9334656","festival,0.92324775","action,0.9127651","competition,0.9073895","art,0.90331775","wear,0.8930868","flame,0.8806888","facial expression,0.8774567","music,0.8688865","side view,0.8682399",
132,"people,0.9898085","blur,0.9871168","one,0.9870182","flame,0.97835386","light,0.971872","adult,0.9708818","action,0.9689641","music,0.9657282","festival,0.9558889","portrait,0.9550177","concert,0.9391172","musician,0.9370662","water,0.92046607","race,0.9188661","competition,0.9163451","man,0.91359043","woman,0.9119228","performance,0.90962094","calamity,0.90716827","singer,0.90516293",
133,"people,0.9943738","one,0.99013984","adult,0.98245347","no person,0.9512843","food,0.9490247","blur,0.9483375","portrait,0.94588643","woman,0.91105336","girl,0.90562415","action,0.89355433","still life,0.886081","man,0.87979776","light,0.8756175","wear,0.8727677","interaction,0.87109435","calamity,0.8646766","daylight,0.85835963","sculpture,0.84636426","medicine,0.8461268","music,0.838252",
134,"people,0.99871546","adult,0.9895062","one,0.9876876","two,0.9808266","candle,0.9675887","woman,0.965672","music,0.96047413","religion,0.9593702","flame,0.9582336","wear,0.95649314","group,0.9535649","calamity,0.9390523","portrait,0.9352435","performance,0.9303515","man,0.928097","nude,0.9258915","room,0.9251353","festival,0.9166385","reclining,0.9143527","healthcare,0.9070808",
135,"people,0.9976684","one,0.9838691","adult,0.97948325","music,0.9633825","performance,0.962206","wear,0.9612832","woman,0.9583104","two,0.9564084","flame,0.947482","candle,0.9456358","room,0.9454016","religion,0.9426162","group,0.9301745","blur,0.9255023","light,0.9202","reclining,0.9136435","festival,0.9125446","nude,0.91006625","man,0.9044169","furniture,0.90391433",
136,"people,0.995607","one,0.9931031","adult,0.9889026","music,0.9618292","wear,0.9469471","man,0.9452727","portrait,0.9448493","musician,0.9417145","weapon,0.92374486","action,0.9155078","two,0.90373874","woman,0.8901149","light,0.8869505","instrument,0.8865126","religion,0.8800922","blur,0.87979543","room,0.8748355","recreation,0.8685374","war,0.8630533","painting,0.85881984",
137,"people,0.9950243","adult,0.9803982","one,0.9755114","flame,0.96099496","weapon,0.95076793","action,0.94772625","landscape,0.9344388","man,0.9328141","war,0.9315145","portrait,0.9187858","woman,0.9177575","music,0.91622704","wear,0.9152473","interaction,0.91251373","light,0.90433145","religion,0.89664066","gun,0.89081883","blur,0.88819826","calamity,0.8858235","no person,0.8821241",
138,"action,0.9897176","people,0.9824082","one,0.9764979","man,0.96709895","adult,0.9640482","blur,0.96230876","no person,0.95289266","competition,0.94530797","flame,0.9433301","smoke,0.9371092","water,0.9336886","religion,0.92357576","outdoors,0.9216555","festival,0.9174057","wear,0.915779","race,0.9027003","calamity,0.8990241","woman,0.89258426","strength,0.86170375","two,0.8481732",
139,"people,0.99323195","one,0.9895539","adult,0.9862621","nude,0.97986424","woman,0.97953415","man,0.9384883","blur,0.93514836","side view,0.934367","indoors,0.9257797","portrait,0.9221775","girl,0.9177849","dark,0.91729033","sexy,0.90662956","shadow,0.9005402","light,0.88774323","backlit,0.8827721","music,0.86279577","profile,0.86223084","erotic,0.8542296","dancing,0.85288584",
140,"people,0.98682463","adult,0.9806809","one,0.9755055","food,0.94710195","mammal,0.93084264","portrait,0.9304433","medicine,0.90867007","nude,0.8954929","water,0.8735055","no person,0.87306327","girl,0.8713217","woman,0.86889637","motion,0.8683144","daylight,0.8612869","invertebrate,0.8565227","art,0.84602785","action,0.8393667","blur,0.8362994","ailment,0.8348689","landscape,0.8297493",
141,"people,0.9887964","girl,0.9744917","adult,0.97029555","portrait,0.9698229","one,0.966069","light,0.94406754","landscape,0.9321779","dawn,0.9306178","woman,0.92242676","blur,0.90281546","side view,0.90179753","medicine,0.8971436","bed,0.8856436","beach,0.8791684","art,0.87374455","daylight,0.8723047","water,0.8651446","color,0.85268146","nude,0.8489431","backlit,0.8471806",
142,"people,0.9964174","adult,0.9861609","one,0.9845948","man,0.9418218","portrait,0.93810856","action,0.9276056","interaction,0.92188907","wear,0.90507126","weapon,0.9048643","calamity,0.8979256","music,0.8950248","vehicle,0.8931035","landscape,0.8850384","two,0.87973285","backlit,0.8794983","war,0.8735702","motion,0.8541193","gun,0.84756416","woman,0.84513414","child,0.84506667",
143,"abstract,0.9774424","blur,0.9705626","flame,0.9673171","light,0.9522172","art,0.9464462","portrait,0.94579947","people,0.93630755","dark,0.92852986","sun,0.91573125","insubstantial,0.908826","smoke,0.8901409","food,0.8827423","landscape,0.8823625","sunset,0.8766924","silhouette,0.8729594","nature,0.8631246","girl,0.8525101","adult,0.8516729","still life,0.8498339","motion,0.8484026",
144,"blur,0.9879072","people,0.9851267","backlit,0.9502251","one,0.9391573","no person,0.9351824","adult,0.92323864","light,0.9171221","silhouette,0.9042549","side view,0.88494253","sunset,0.88049006","action,0.8735735","dark,0.85687476","food,0.85427547","portrait,0.8533695","mammal,0.85306084","sun,0.83097","shadow,0.82654405","woman,0.824709","indoors,0.81853354","man,0.81631625",
145,"people,0.990813","one,0.9878231","adult,0.9798641","portrait,0.97941375","man,0.9576682","daylight,0.91062546","art,0.9001548","light,0.8953955","face,0.8652313","side view,0.85298705","weather,0.8512818","facial expression,0.85053825","rain,0.8470565","blur,0.8370353","backlit,0.8340168","water,0.83137536","woman,0.8248824","wear,0.820245","religion,0.8090942","storm,0.8064301",
146,"portrait,0.9391052","landscape,0.9375628","people,0.9298543","girl,0.90796053","dawn,0.9057063","light,0.89682627","one,0.8596205","color,0.854206","art,0.85173845","sun,0.85040575","desert,0.8374963","desktop,0.83033025","abstract,0.8291667","nature,0.8261275","sunset,0.82547235","beach,0.8230324","beautiful,0.8099463","travel,0.80529255","blur,0.80302924","fair weather,0.8017968",
147,"people,0.9978235","one,0.99422944","adult,0.9906244","portrait,0.98553336","side view,0.9658342","wear,0.96524817","man,0.96492416","light,0.9424062","child,0.93867785","daylight,0.925048","son,0.92180604","landscape,0.9106469","woman,0.89204025","profile,0.8858942","facial expression,0.88562536","girl,0.85212576","music,0.8431281","religion,0.82940835","jewelry,0.82803166","two,0.8137561",
148,"no person,0.9870235","blur,0.98424065","people,0.9449165","one,0.9383172","light,0.9179343","outdoors,0.9028937","dark,0.90013266","food,0.89177203","wood,0.88336396","abstract,0.87104917","travel,0.83624935","art,0.83432406","action,0.8255205","shadow,0.8211208","daylight,0.8171613","woman,0.81652975","indoors,0.8061142","adult,0.8056792","landscape,0.8042856","nature,0.7921946",
149,"nude,0.99030125","blur,0.98939526","people,0.9877788","adult,0.9842578","girl,0.982172","one,0.9719266","woman,0.9677149","no person,0.96358263","portrait,0.9591763","shadow,0.9477941","light,0.9272157","dark,0.92631257","wear,0.92070127","side view,0.91967344","erotic,0.9082657","abstract,0.8967228","indoors,0.8870959","action,0.8856844","art,0.8760515","sexy,0.86849904",
150,"blur,0.9937711","no person,0.98392165","abstract,0.9721286","nature,0.9411053","dark,0.92446995","still life,0.91529554","light,0.9114626","art,0.89666915","portrait,0.8904476","wood,0.8863569","outdoors,0.8859274","insubstantial,0.8761277","dof,0.87597483","focus,0.8742784","food,0.8574694","people,0.8361846","one,0.82769203","bird,0.81515265","winter,0.80821794","flower,0.79794383",
151,"people,0.99467576","adult,0.99076873","one,0.9830545","blur,0.98261666","action,0.9649658","no person,0.96338105","portrait,0.9572934","wear,0.9348068","side view,0.9314829","woman,0.93064153","daylight,0.92645323","water,0.92239606","outdoors,0.91949236","motion,0.9071518","calamity,0.8993377","man,0.89893603","light,0.87589234","art,0.8745121","nude,0.8673972","abstract,0.862563",
152,"no person,0.9606935","abstract,0.95658994","flame,0.93359166","H2O,0.892004","art,0.8850546","desktop,0.88256073","dust,0.8817524","texture,0.8725405","people,0.8612524","explosion,0.8535598","bright,0.8502859","blur,0.8337986","rain,0.8245125","color,0.822368","smoke,0.821124","weather,0.82094115","outdoors,0.81706226","adult,0.81624323","graphic,0.7968402",
153,"landscape,0.9708741","people,0.958454","no person,0.9528864","daylight,0.944785","blur,0.9416102","flame,0.9336667","one,0.92849827","adult,0.9204263","light,0.9191773","water,0.912167","abstract,0.90825444","wear,0.9042096","action,0.8955996","travel,0.8891041","calamity,0.8889717","painting,0.86997396","mammal,0.8649119","vehicle,0.8623773","building,0.86162704","home,0.8513913",
154,"people,0.993561","adult,0.9842262","religion,0.96697533","wear,0.9601053","one,0.9489541","portrait,0.94172513","woman,0.9397361","room,0.9320359","leader,0.9153708","indoors,0.91251504","man,0.9053859","candle,0.8984976","administration,0.8889072","home,0.8839431","chair,0.87558174","group,0.8754562","two,0.86618996","church,0.86446005","ceremony,0.8622796","furniture,0.85612905",
155,"people,0.99777424","group,0.98951423","adult,0.98669434","woman,0.97452295","wear,0.962569","recreation,0.9518248","man,0.9484904","several,0.9459349","administration,0.9346967","many,0.93439126","leader,0.9159007","dancing,0.9045705","religion,0.8989843","music,0.898954","chair,0.8944718","outfit,0.89134425","performance,0.8739633","offense,0.87314385","room,0.87117505","indoors,0.8556337",
156,"people,0.9968869","one,0.99196815","adult,0.9864346","man,0.96151555","portrait,0.94738936","indoors,0.946682","woman,0.9392545","wear,0.9314677","room,0.92862034","furniture,0.9049076","sit,0.8841072","music,0.875553","religion,0.8513218","two,0.83815026","side view,0.81736743","offense,0.8171785","child,0.80110306","home,0.79280216",
157,"people,0.9962785","one,0.9888452","adult,0.9856402","room,0.94679177","portrait,0.94619095","man,0.94544756","offense,0.91581","weapon,0.91387534","indoors,0.9135653","wear,0.8907276","music,0.88689774","side view,0.87975276","woman,0.85832965","light,0.84605986","furniture,0.8441033","gun,0.81353664","war,0.812924","musician,0.801943","force,0.79362345",
158,"people,0.9964936","adult,0.9937563","lid,0.98014736","man,0.97711825","wear,0.96782595","music,0.96300095","veil,0.9628781","portrait,0.96199673","two,0.95286584","woman,0.9527335","one,0.9514544","group,0.94460243","three,0.9328935","religion,0.93180907","cowboy hat,0.9258448","performance,0.92353404","musician,0.9235221","indoors,0.91855586","recreation,0.9158064","offense,0.9118339",
159,"people,0.9979465","one,0.995447","adult,0.99304974","portrait,0.98481655","wear,0.9618391","man,0.944253","music,0.9410291","room,0.902138","musician,0.87645054","indoors,0.8654458","two,0.8373145","home,0.8286294","woman,0.81898","doorway,0.81311834","veil,0.8060657","light,0.80039406","singer,0.78912413",
160,"people,0.9970394","one,0.9938217","adult,0.99096894","portrait,0.979789","wear,0.95800173","indoors,0.93979424","woman,0.9316241","man,0.9178171","room,0.907672","music,0.88941276","religion,0.8747187","two,0.86334205","side view,0.85722864","jewelry,0.8513329","home,0.8512602","doorway,0.8452916","child,0.83783984","light,0.81056935","furniture,0.8025842","outfit,0.774094",
161,"people,0.99797213","adult,0.9955765","one,0.98357606","man,0.96708584","two,0.9666488","portrait,0.95068836","music,0.950014","wear,0.94078493","group,0.90281403","room,0.9016717","light,0.9013374","woman,0.8997556","indoors,0.895223","religion,0.8849431","side view,0.8795594","museum,0.8562242","mirror,0.839995","interaction,0.8206619","musician,0.8129529","recreation,0.81143534",
162,"gun,0.98188317","people,0.98167264","one,0.9802082","blur,0.9751965","adult,0.97355974","weapon,0.97029847","offense,0.96906507","portrait,0.9638862","indoors,0.95281625","light,0.9506705","man,0.94902825","action,0.9278335","girl,0.91941684","shadow,0.9163462","force,0.9131016","pistol,0.9109237","police,0.8913038","woman,0.8831935","fear,0.86292684","nude,0.8546616",
163,"music,0.99786663","concert,0.9948729","people,0.9912638","performance,0.99076676","musician,0.99049205","singer,0.9883105","festival,0.9791286","band,0.9707471","stage,0.9695739","one,0.96928895","guitar,0.94350797","adult,0.9314713","guitarist,0.9286854","light,0.91970164","audience,0.9144541","recreation,0.9079277","man,0.90526557","two,0.901636","pop music,0.8949847","religion,0.88997614",
164,"indoors,0.98714525","room,0.97858053","people,0.9751824","interior design,0.9716843","light,0.9706329","home,0.9650291","no person,0.96427715","furniture,0.95766044","chandelier,0.91966367","music,0.9176613","hotel,0.9162861","lamp,0.90811926","religion,0.9052391","travel,0.90192235","museum,0.8921763","architecture,0.88767314","family,0.8799765","concert,0.86215806","luxury,0.85835797","church,0.8581316",
165,"people,0.99503034","one,0.9945508","adult,0.9892914","man,0.97690725","weapon,0.9732529","portrait,0.9712223","side view,0.9539131","offense,0.9529087","wear,0.940953","gun,0.92000043","indoors,0.90389967","music,0.8974914","action,0.87522495","war,0.8675672","profile,0.8667698","force,0.8525703","daylight,0.84951335","religion,0.8385798","musician,0.8329506","furniture,0.8249749",
166,"one,0.99399644","people,0.9938656","adult,0.99149454","offense,0.9798464","man,0.96689904","weapon,0.9658401","portrait,0.9545007","wear,0.95211434","side view,0.9515414","indoors,0.9468547","daylight,0.9070607","force,0.9064292","gun,0.8967784","music,0.8834602","religion,0.87881327","police,0.87590444","furniture,0.8602104","action,0.8576412","military,0.85494435","room,0.8403581",
167,"people,0.99450976","adult,0.9934828","one,0.9926537","man,0.97452354","portrait,0.9720186","weapon,0.9566683","side view,0.95108414","wear,0.94784045","offense,0.93139523","indoors,0.93111336","profile,0.8951106","music,0.8841044","gun,0.8708652","concentration,0.86113703","room,0.8605925","furniture,0.84415036","facial expression,0.83416927","action,0.8261842","blur,0.8234042","musician,0.81995344",
168,"people,0.99845636","one,0.9970375","adult,0.99681544","side view,0.98532826","indoors,0.97175014","portrait,0.9672947","man,0.964752","wear,0.96451867","furniture,0.95568955","profile,0.94453144","daylight,0.93861735","facial expression,0.9325063","music,0.92839074","religion,0.924235","action,0.9238215","blur,0.9207555","two,0.91025007","room,0.9088409","concentration,0.905492","interaction,0.8941558",
169,"people,0.9960661","one,0.99564177","adult,0.9943565","man,0.97754127","portrait,0.97234535","wear,0.96759367","side view,0.95032555","indoors,0.9462906","facial expression,0.9178427","furniture,0.90611935","daylight,0.90521616","profile,0.88229394","music,0.8744565","room,0.82333493","religion,0.80627507","concentration,0.805828","musician,0.7982799",
170,"people,0.9942912","one,0.99221575","adult,0.9847863","man,0.9627094","indoors,0.94986784","side view,0.948697","portrait,0.94538933","wear,0.91672117","window,0.9016876","offense,0.8948446","daylight,0.89263916","religion,0.8812418","room,0.8634874","music,0.8583981","light,0.84369165","profile,0.824916","wood,0.7968198",
171,"indoors,0.9906628","blur,0.9893172","room,0.98067164","no person,0.98047376","people,0.97953236","hallway,0.95242083","light,0.95141554","daylight,0.9482891","adult,0.94489217","building,0.94472283","offense,0.93597305","one,0.93402094","travel,0.93002903","museum,0.92102045","home,0.91735923","window,0.8867936","business,0.88585335","furniture,0.8811579","city,0.8799803","education,0.8678787",
172,"flame,0.99587595","blur,0.99098265","festival,0.97668743","rain,0.96681535","action,0.96621525","light,0.9581607","people,0.95111877","smoke,0.94734824","landscape,0.9339047","city,0.93087715","calamity,0.92940575","abstract,0.9282417","drag race,0.92435175","explosion,0.90844524","battle,0.9081004","bomb,0.9031372","storm,0.89992785","street,0.8995763","no person,0.89828664","fog,0.89602345",
173,"no person,0.98272264","window,0.96695983","room,0.95524734","flame,0.93758744","home,0.9281017","house,0.9167419","light,0.9129824","indoors,0.9121741","people,0.9117439","interior design,0.91020787","architecture,0.8913002","building,0.8586284","daylight,0.85770774","landscape,0.84934914","furniture,0.84793","city,0.83532983","one,0.82235366","outdoors,0.81123686","rain,0.80783653","storm,0.80762506",
174,"people,0.99863255","adult,0.9929199","one,0.9792682","group,0.9772043","wear,0.9692244","two,0.9677787","recreation,0.9583509","woman,0.9560878","furniture,0.95512867","room,0.9453299","man,0.94304657","container,0.92817676","music,0.8951205","religion,0.88891494","home,0.8881737","three,0.88277483","indoors,0.87446105","museum,0.83716893","healthcare,0.83483016","offense,0.8313302",
175,"people,0.9981005","adult,0.98787296","group,0.9795097","wear,0.9520234","one,0.9437375","woman,0.94010085","man,0.93383694","recreation,0.9311948","two,0.9229915","room,0.9083719","furniture,0.9038216","offense,0.88450307","religion,0.88123417","child,0.8761866","music,0.87218225","container,0.8688646","three,0.8642174","police,0.8458626","war,0.843179","indoors,0.84190667",
176,"people,0.9950807","one,0.98832965","performance,0.9779176","adult,0.9776502","music,0.9764935","man,0.9584726","musician,0.9520502","festival,0.9404621","concert,0.92935336","wear,0.9236874","portrait,0.9198319","singer,0.9107684","recreation,0.8823643","two,0.87979543","stringed instrument,0.87043446","religion,0.8588519","outfit,0.85761905","flame,0.8574031","stage,0.85518146","veil,0.8445542",
177,"people,0.9959521","one,0.99179035","music,0.98671854","adult,0.9865462","musician,0.9740068","festival,0.97219515","portrait,0.9648317","performance,0.96238184","man,0.95991826","smoke,0.95822287","concert,0.9577303","flame,0.95181","wear,0.9203693","religion,0.9139652","singer,0.90647334","woman,0.9021808","guitar,0.8637471","band,0.8568208","two,0.8548717","recreation,0.85021746",
178,"people,0.99513364","one,0.988256","adult,0.98213804","music,0.96657723","portrait,0.95993435","man,0.94813675","musician,0.9437878","wear,0.92432624","performance,0.9169806","woman,0.9154208","festival,0.903266","singer,0.8880155","veil,0.8867585","two,0.86416095","concert,0.85146683","stringed instrument,0.83611757","guitar,0.81622934","recreation,0.81466186","band,0.79878855",
179,"people,0.994619","adult,0.98609596","one,0.98195946","man,0.94834805","wear,0.93486726","music,0.9273529","portrait,0.91383797","two,0.89268446","woman,0.87962145","religion,0.87878","stringed instrument,0.86378527","group,0.85375994","musician,0.85087615","recreation,0.8419132","war,0.826278","weapon,0.81430674","veil,0.8036381","military,0.79941535",
180,"people,0.99755895","adult,0.9876822","one,0.9673103","man,0.9637691","music,0.9624531","wear,0.95876765","two,0.9563904","portrait,0.9517635","group,0.932722","veil,0.9291284","musician,0.92472124","woman,0.9207332","performance,0.892432","three,0.8889791","festival,0.8861992","singer,0.8659093","interaction,0.8623191","lid,0.8609408","weapon,0.8579272","religion,0.8420498",
181,"people,0.9964795","adult,0.98524487","group,0.9694687","wear,0.9491464","man,0.9325024","music,0.93094915","one,0.925027","recreation,0.91158986","two,0.90372884","woman,0.86473346","room,0.848785","weapon,0.821837","furniture,0.8117631","religion,0.8046557","interaction,0.8005146","indoors,0.79946446",
182,"people,0.9948979","music,0.9872409","adult,0.9818127","one,0.97436297","portrait,0.97307885","musician,0.9678476","man,0.9657518","wear,0.9474199","concert,0.94715285","performance,0.9434983","festival,0.93283606","singer,0.9284489","flame,0.8977534","facial expression,0.89006877","woman,0.88438106","two,0.8823409","light,0.870589","interaction,0.8671728","recreation,0.86581147","group,0.8437774",
183,"people,0.9964324","adult,0.9867427","group,0.9694724","wear,0.94935477","one,0.9428179","man,0.9319258","recreation,0.9253921","music,0.9229282","two,0.90825963","woman,0.8845368","room,0.8643632","performance,0.8394287","indoors,0.8379972","religion,0.82724535","furniture,0.81122535","musician,0.80154806","offense,0.7923882",
184,"people,0.99176484","music,0.9773549","adult,0.9704294","one,0.9600527","musician,0.947824","group,0.94574594","performance,0.9389786","man,0.93829405","two,0.9315184","concert,0.92214394","woman,0.9064323","singer,0.9000258","religion,0.88729453","festival,0.8820325","indoors,0.8730645","room,0.8673692","wear,0.86714786","band,0.8603616","portrait,0.8527385","stage,0.8483124",
185,"people,0.99637616","adult,0.9832103","music,0.96727","woman,0.9460837","group,0.9405513","wear,0.93963367","performance,0.92749894","two,0.91551685","man,0.91281134","recreation,0.9095806","dancing,0.87427926","interaction,0.8658763","room,0.86279273","one,0.86013687","musician,0.8526435","museum,0.8493896","motion,0.82784367","stage,0.8256289","concert,0.8181537","festival,0.8146529",
186,"people,0.9964051","adult,0.99404335","one,0.9818702","two,0.97692","wear,0.9735712","man,0.9491577","nude,0.94878364","furniture,0.9376266","recreation,0.9368833","music,0.92117894","position,0.91687673","woman,0.91330683","indoors,0.90189505","room,0.8876202","portrait,0.8693714","dancing,0.85531956","group,0.8470537","performance,0.8343601","athlete,0.80915254","side view,0.7899512",
187,"people,0.9931307","adult,0.9878512","one,0.98467517","man,0.9578076","music,0.9328239","portrait,0.92679584","indoors,0.91619205","woman,0.91442776","two,0.90024453","wear,0.8984798","musician,0.87801623","recreation,0.8739259","performance,0.87244093","religion,0.8555712","festival,0.8491756","facial expression,0.84519815","group,0.83930105","competition,0.82488346","singer,0.80417156","athlete,0.8026956",
188,"people,0.99334806","one,0.9855856","adult,0.9823792","portrait,0.9739827","man,0.9532662","side view,0.9429951","profile,0.9311174","woman,0.9277859","blur,0.9247103","wear,0.9022726","room,0.9008173","light,0.8936713","indoors,0.8883439","music,0.88134974","girl,0.8571222","musician,0.820878","furniture,0.7989556",
189,"people,0.9986104","adult,0.9950937","one,0.99330986","room,0.9685017","furniture,0.9663332","two,0.9647589","reclining,0.9627985","wear,0.95604724","woman,0.9559754","man,0.9514905","indoors,0.9487853","seat,0.937984","healthcare,0.9105657","group,0.89532405","music,0.89522326","portrait,0.88338387","interaction,0.8747848","recreation,0.86901486","side view,0.85482126","offense,0.843855",
190,"people,0.9969604","adult,0.992323","music,0.9823736","one,0.97897744","group,0.97013277","wear,0.95580274","man,0.9516753","performance,0.9500916","musician,0.9467342","concert,0.93325603","stage,0.914819","festival,0.911531","action,0.90694034","flame,0.8984629","blur,0.8944208","side view,0.8941295","two,0.894044","singer,0.8940007","museum,0.8921915","portrait,0.89138806",
191,"people,0.9959146","adult,0.9831995","room,0.9711878","flame,0.968461","one,0.963531","portrait,0.9398049","indoors,0.9397596","home,0.913579","furniture,0.9088999","man,0.9029983","house,0.8889142","wood,0.8840244","wear,0.8808758","light,0.8793423","no person,0.86294746","woman,0.84697545","offense,0.8420268","calamity,0.8381866","art,0.8340001","landscape,0.82670397",
192,"people,0.99453187","adult,0.98909754","one,0.9751245","room,0.97199345","indoors,0.9688192","home,0.9288347","furniture,0.92587906","light,0.9203913","woman,0.91049445","daylight,0.9068432","wood,0.90225846","no person,0.8963089","man,0.8873822","wear,0.8760387","landscape,0.8730532","healthcare,0.8685026","window,0.86506903","portrait,0.8595636","container,0.85415053","candle,0.8539929",
193,"people,0.99631804","one,0.98990095","adult,0.98578274","no person,0.96700805","wear,0.949582","two,0.9482683","food,0.92830336","man,0.92311764","group,0.92088705","furniture,0.91811466","indoors,0.90841156","interaction,0.9060369","woman,0.9039411","container,0.89835906","grow,0.89429474","daylight,0.8915831","room,0.8879607","reclining,0.88567805","portrait,0.8768071","religion,0.8716445",
194,"people,0.9981259","adult,0.991261","woman,0.97497064","one,0.9743128","wear,0.9630588","two,0.94789636","man,0.9403297","music,0.9314634","recreation,0.92618","group,0.92256516","offense,0.921391","room,0.90884995","indoors,0.9058868","dancing,0.90161014","position,0.89001787","furniture,0.8660847","performance,0.837555","footwear,0.82818425","portrait,0.8202455","container,0.81286776",
195,"no person,0.9791011","food,0.97557974","blur,0.95048726","grow,0.94396937","still life,0.94008696","people,0.9367948","one,0.9234328","group,0.91351336","mammal,0.88840663","daylight,0.8773376","adult,0.87546116","wear,0.8220894","painting,0.81718665","container,0.8095796","light,0.80021447","motion,0.79177934",
196,"lid,0.9972185","one,0.9935434","cowboy hat,0.9922588","adult,0.99127674","veil,0.9906219","people,0.9870049","portrait,0.9868649","cowboy,0.98496926","wear,0.9841279","music,0.9534792","musician,0.9400132","man,0.9332","facial expression,0.9304893","fedora,0.9285378","eyewear,0.9084523","cap,0.9045711","recreation,0.8840533","mammal,0.88235414","competition,0.8551289","singer,0.85024714",
197,"people,0.99684024","one,0.9936509","adult,0.9875227","man,0.96348125","woman,0.95936024","two,0.95198107","portrait,0.95047915","wear,0.9310348","competition,0.917524","music,0.91118884","religion,0.9061855","side view,0.88519263","interaction,0.87508416","child,0.8748112","calamity,0.87235045","recreation,0.8665794","no person,0.85467553","daylight,0.8466793","festival,0.84662294","invertebrate,0.83863425",
198,"people,0.9978689","one,0.99528","adult,0.99464214","portrait,0.9801162","woman,0.97898495","nude,0.9542948","wear,0.95328236","man,0.9440082","girl,0.9416615","side view,0.9195254","recreation,0.90022683","music,0.8990558","two,0.88341916","reclining,0.8694428","interaction,0.86504245","water,0.83795583","facial expression,0.83651024","musician,0.82426554","painting,0.8057569","blur,0.7860434",
199,"people,0.99808633","adult,0.9947012","one,0.9940667","man,0.9797488","woman,0.9701349","two,0.9663394","music,0.96090627","wear,0.9475774","recreation,0.9249947","performance,0.9184346","portrait,0.9116169","musician,0.90621877","festival,0.88335997","side view,0.86669815","indoors,0.8554337","action,0.8519429","position,0.8326751","motion,0.8275455","light,0.82624376","interaction,0.82340264",
200,"people,0.9976438","one,0.9942536","adult,0.9907986","music,0.9686404","portrait,0.95748675","wear,0.95714474","woman,0.9468416","man,0.9444511","room,0.93774873","recreation,0.92360777","musician,0.92119527","two,0.9125763","light,0.9104943","side view,0.9080967","religion,0.9043125","indoors,0.90238523","performance,0.88098514","festival,0.8744874","position,0.84298277","singer,0.8354173",
201,"people,0.99858326","one,0.9959203","adult,0.98638695","religion,0.96452904","woman,0.95138454","man,0.9462341","child,0.9408705","two,0.9383627","wear,0.93043566","indoors,0.92044634","portrait,0.91749954","side view,0.88958037","light,0.86960745","offense,0.85808814","home,0.83708674","music,0.82593834","group,0.8221705","veil,0.81530285","interaction,0.8126095","room,0.8076533",
202,"people,0.99657214","one,0.9917166","adult,0.98652637","man,0.9631353","indoors,0.94503987","woman,0.9360493","religion,0.93376696","offense,0.92491263","side view,0.9181663","portrait,0.89374423","room,0.8862045","wear,0.88299644","home,0.8476714","child,0.84017843","recreation,0.8127202","military,0.80728734","furniture,0.8017866","music,0.7980724",
203,"people,0.99528646","adult,0.9851692","one,0.9841995","man,0.9763346","portrait,0.9748724","indoors,0.96546644","offense,0.96091056","room,0.9524778","side view,0.93184793","light,0.92285335","blur,0.9183182","window,0.9081385","music,0.89740574","wear,0.89267826","shadow,0.88475394","religion,0.87983465","performance,0.87577254","city,0.8656792","position,0.8525802","force,0.848107",
204,"people,0.9877714","one,0.9674899","portrait,0.9587302","adult,0.95378447","man,0.91415536","woman,0.9112158","two,0.90674627","museum,0.88562095","doorway,0.87547755","wear,0.85882556","indoors,0.85109675","light,0.8377774","room,0.83016443","wood,0.81812274","no person,0.8116598","door,0.8079325","home,0.80789703","family,0.8030503","side view,0.7918695",
205,"people,0.98662746","one,0.97043","adult,0.9418648","man,0.94033253","portrait,0.91571015","indoors,0.88471127","room,0.8659322","wear,0.8625176","museum,0.85684156","no person,0.8485767","light,0.8419215","doorway,0.828884","wood,0.8089735","shadow,0.80861866","family,0.79783714",
206,"people,0.989081","woman,0.95981705","adult,0.9574497","one,0.95445675","portrait,0.9279108","indoors,0.91447484","girl,0.90529567","stage,0.8779244","light,0.8590776","nude,0.83758235","man,0.83674836","performance,0.82229704","container,0.82116306","shadow,0.81591237","room,0.80357003","music,0.7970976",
207,"people,0.9936664","one,0.99012613","adult,0.9804585","indoors,0.9602876","man,0.9413419","no person,0.9400215","woman,0.930987","room,0.9193907","side view,0.9018965","furniture,0.8968545","music,0.8888442","action,0.8863554","portrait,0.8820573","two,0.87902343","wear,0.87230766","vehicle,0.8692734","musician,0.8578687","container,0.85091734","performance,0.84960765","light,0.8339617",
208,"no person,0.9815575","building,0.9726347","city,0.9686867","architecture,0.96777654","light,0.9377335","window,0.91888565","business,0.90985465","transportation system,0.90823114","travel,0.9068005","urban,0.8993467","construction,0.89888084","modern,0.8794349","glass items,0.8764707","airport,0.866482","vehicle,0.86315954","street,0.85205436","outdoors,0.84495896","indoors,0.83812773","shadow,0.8360233","sky,0.8145865",
209,"no person,0.932801","indoors,0.8966503","people,0.89258146","technology,0.8904871","light,0.8756112","business,0.8691112","dark,0.8543677","instrument,0.85318756","music,0.8467312","blur,0.8394645","piano,0.83216196","one,0.82964385","vehicle,0.8252134","computer,0.81689274","action,0.8130687","laptop,0.794711",
210,"people,0.99072164","portrait,0.9562769","one,0.95371366","woman,0.95093584","adult,0.9489043","girl,0.9477919","monochrome,0.93900806","light,0.9345602","shadow,0.93328017","man,0.9313566","no person,0.93123025","indoors,0.9267874","silhouette,0.91450095","studio,0.9061172","mammal,0.9047537","dark,0.9034929","side view,0.89594245","nude,0.8845327","action,0.8825906","art,0.8700742",
211,"people,0.99067676","performance,0.9567312","concert,0.95513904","one,0.9522811","indoors,0.9392743","music,0.93170166","stage,0.92092025","festival,0.91594005","adult,0.9134387","musician,0.91014177","man,0.90870583","shadow,0.90590286","light,0.8884311","offense,0.8674018","singer,0.85284215","action,0.8440988","band,0.8341392","portrait,0.82815707","woman,0.8213377","side view,0.80505836",
212,"people,0.9891913","sunset,0.969015","landscape,0.9602736","beach,0.9573268","light,0.95298517","water,0.9455303","no person,0.93850815","man,0.93767065","adult,0.9288701","backlit,0.9251671","travel,0.92017853","shadow,0.9190507","seashore,0.9085165","one,0.90072954","sea,0.8857023","ocean,0.8791554","dawn,0.8637837","desert,0.86069787","silhouette,0.8577731","city,0.85241425",
213,"people,0.99731874","one,0.99589014","adult,0.9937551","portrait,0.98910004","man,0.97648615","wear,0.9335309","light,0.91857976","recreation,0.9103114","indoors,0.90963703","music,0.9054611","woman,0.9012772","interaction,0.88174754","facial expression,0.8684505","two,0.86353767","ailment,0.8629217","side view,0.8488362","boy,0.84586483","reclining,0.8403756","musician,0.83797884","child,0.83430624",
214,"people,0.9948201","one,0.993602","adult,0.9868857","portrait,0.9821446","man,0.97400796","music,0.93917","musician,0.9252613","offense,0.91998935","indoors,0.9161602","pain,0.894081","recreation,0.8865882","festival,0.86788726","wear,0.8634877","ailment,0.85673505","singer,0.85546947","performance,0.8433277","light,0.835561","facial expression,0.8253219","illness,0.81457543","force,0.81424725",
215,"people,0.9953685","one,0.9936185","adult,0.98913306","man,0.97435147","portrait,0.9601035","offense,0.93894434","indoors,0.9244726","wear,0.895167","room,0.88394177","reclining,0.87761056","recreation,0.87600756","illness,0.8691874","woman,0.8649323","ailment,0.8593496","interaction,0.8589849","furniture,0.850935","light,0.85028344","bed,0.8458569","force,0.84255844","music,0.84212196",
216,"one,0.99300003","people,0.99288607","man,0.9901658","adult,0.986094","offense,0.9410999","portrait,0.93641937","indoors,0.93352187","weapon,0.92783654","pain,0.9235678","room,0.88308275","force,0.87902117","music,0.87384677","drunk,0.85506666","gun,0.8405931","elderly,0.8348465","wear,0.83049953","intoxicated,0.80812716","illness,0.8039182","sit,0.79941374",
217,"abstract,0.99057055","moon,0.9883138","art,0.97963035","no person,0.97950864","astronomy,0.9791003","eclipse,0.9783584","bird,0.96666926","sky,0.9653938","pattern,0.9633303","people,0.9631944","desktop,0.96280867","illustration,0.9617853","background,0.956497","wallpaper,0.9501057","light,0.94694406","Luna,0.94304353","vector,0.9355918","crescent,0.9335197","dark,0.9288871","design,0.9221747",
