no person,tree,water,travel,outdoors,wood,landscape,daylight,fog,nature,sky,lake,dawn,calamity,hut,home,house,environment,scenic,mist,
no person,tree,outdoors,water,travel,dawn,daylight,home,wood,recreation,sunset,evening,cropland,sky,landscape,beach,nature,hut,idyllic,sun,
people,one,adult,man,music,performance,recreation,two,backlit,woman,musician,mammal,light,concert,side view,group,travel,shadow,landscape,outdoors,
people,adult,tree,man,travel,one,group,outdoors,woman,two,shadow,recreation,landscape,backlit,silhouette,tourism,beach,daylight,sunset,seashore,
people,silhouette,adult,backlit,man,outdoors,landscape,two,one,tree,travel,recreation,shadow,silhouetted,no person,sunset,evening,dawn,group,sky,
people,adult,man,group,war,military,mammal,landscape,group together,travel,outdoors,farming,recreation,weapon,skirmish,battle,army,one,competition,soldier,
people,adult,wear,group,man,woman,portrait,one,music,two,military,war,weapon,recreation,veil,three,lid,offense,musician,religion,
people,music,performance,musician,concert,singer,one,adult,festival,man,portrait,group,recreation,two,wear,stage,
people,one,music,performance,adult,man,musician,singer,festival,concert,wear,portrait,eyewear,rap,sunglasses,stage,recreation,woman,indoors,
people,no person,blur,panoramic,outdoors,dark,abstract,desktop,adult,one,daylight,action,woman,nature,shadow,mammal,reflection,man,horizontal,portrait,
people,one,adult,portrait,man,wear,side view,interaction,military,woman,music,two,soldier,outdoors,facial expression,war,recreation,army,musician,profile,
people,adult,one,portrait,man,battle,wear,war,woman,military,army,two,music,soldier,administration,interaction,recreation,side view,facial expression,outdoors,
landscape,no person,water,outdoors,sky,travel,cropland,tree,hill,daylight,agriculture,river,nature,environment,vehicle,mountain,lake,seashore,scenic,valley,
landscape,no person,hill,tree,agriculture,outdoors,cropland,grassland,travel,scenic,mountain,valley,desert,farm,nature,hayfield,bush,environment,grass,field,
landscape,no person,cropland,daylight,outdoors,tree,hill,scenic,grassland,agriculture,travel,bush,environment,nature,soil,sky,bird,desert,water,field,
landscape,outdoors,no person,travel,nature,water,soil,environment,cropland,daylight,tree,grass,sky,bird,agriculture,desert,recreation,wood,hill,summer,
soil,nature,outdoors,water,landscape,agriculture,no person,travel,mud,sand,cropland,one,farm,grass,recreation,environment,field,river,summer,farming,
people,man,group,military,adult,war,group together,army,competition,soldier,action,recreation,skirmish,boy,weapon,many,child,motion,woman,landscape,
people,military,war,group,adult,army,group together,man,many,skirmish,recreation,action,competition,soldier,motion,battle,weapon,outdoors,vehicle,daylight,
people,military,war,adult,man,army,group together,group,weapon,competition,action,recreation,motion,skirmish,battle,many,fun,vehicle,boy,soldier,
people,military,adult,group,war,man,group together,competition,many,army,action,recreation,weapon,wear,vehicle,motion,skirmish,outdoors,festival,woman,
people,adult,man,group,group together,recreation,military,war,army,wear,many,weapon,soldier,competition,child,boy,skirmish,action,woman,outdoors,
people,portrait,one,child,man,adult,wear,son,boy,facial expression,girl,face,woman,eyewear,eyeglasses,cute,smile,outdoors,
people,portrait,one,man,adult,child,wear,eyewear,eyeglasses,woman,son,boy,outdoors,facial expression,sunglasses,face,
sky,no person,air,high,outdoors,freedom,wind,flight,flying,blue sky,nature,balloon,one,aircraft,travel,fair weather,summer,desktop,action,
sky,no person,air,balloon,flight,flying,high,outdoors,wind,freedom,one,hanging,daylight,parachute,blue sky,aircraft,travel,action,desktop,nature,
no person,sky,hanging,outdoors,high,one,lamp,air,nature,light,electricity,power,travel,equipment,spotlight,wind,bright,vertical,simplicity,bulb,
water,one,people,blur,outdoors,portrait,adult,no person,mammal,side view,wet,nature,travel,woman,man,reflection,winter,beach,profile,daylight,
people,one,adult,portrait,man,side view,wear,blur,art,woman,profile,water,light,two,facial expression,outdoors,
people,adult,portrait,one,man,woman,blur,veil,wear,two,girl,love,side view,reflection,sculpture,facial expression,art,wedding,affection,religion,
people,adult,portrait,one,man,woman,veil,two,wear,blur,girl,side view,love,art,religion,reflection,sculpture,facial expression,wedding,affection,
no person,landscape,tree,nature,grass,travel,outdoors,water,wood,summer,architecture,park,river,sky,hill,house,countryside,military,environment,tourism,
landscape,nature,travel,grass,no person,tree,outdoors,water,summer,park,sky,hill,river,tourism,stone,wood,scenic,architecture,environment,sight,
no person,nature,bird,outdoors,water,wildlife,travel,wild,desktop,mammal,color,one,downy,daylight,beautiful,grass,texture,environment,animal,bright,
action,smoke,people,outdoors,motion,blur,adult,sky,water,no person,competition,landscape,man,daylight,one,skill,race,side view,travel,fog,
nature,flower,blur,people,sun,outdoors,no person,desktop,leaf,flora,tree,art,color,light,one,insect,food,beautiful,summer,fair weather,
abstract,daylight,people,blur,landscape,art,sky,smoke,action,texture,portrait,no person,desktop,adult,outdoors,beach,pastel,wear,color,paper,
abstract,desktop,texture,no person,background,art,blur,splash,food,pattern,nature,color,paper,messy,design,insubstantial,wallpaper,dirty,graphic,stain,
food,no person,abstract,texture,grow,desktop,drink,color,splash,art,blur,refreshment,nature,background,drop,vintage,
nature,outdoors,no person,travel,landscape,sky,water,fair weather,fog,wood,tree,bright,sun,summer,dawn,environment,daylight,sunset,weather,mist,
no person,outdoors,nature,travel,water,sky,fair weather,summer,landscape,blur,fog,grass,wood,daylight,bright,dawn,environment,sun,tree,leaf,
no person,outdoors,nature,water,travel,blur,fog,fair weather,daylight,landscape,sky,grass,summer,environment,bright,wood,mist,leaf,dawn,tree,
no person,outdoors,nature,blur,water,grass,fog,leaf,smoke,H2O,summer,fair weather,travel,wood,mist,bright,wet,fall,dawn,composure,
nature,no person,outdoors,water,daylight,smoke,grass,fog,leaf,tree,landscape,mist,travel,blur,flora,environment,wood,mountain,desktop,abstraction,
outdoors,nature,mountain,landscape,horizontal plane,sky,cloud,travel,hill,fair weather,valley,tree,fog,grass,no person,adventure,environment,quiet,hike,idyllic,
outdoors,nature,horizontal plane,mountain,sky,landscape,travel,no person,fog,cloud,fair weather,grass,wood,hill,idyllic,valley,summer,dawn,tree,remote,
outdoors,nature,horizontal plane,mountain,sky,landscape,travel,no person,fog,cloud,fair weather,grass,wood,hill,idyllic,valley,dawn,summer,tree,remote,
landscape,mountain,nature,travel,sky,no person,outdoors,valley,fog,cloud,hill,daylight,scenic,volcano,tree,grass,rock,wood,sight,water,
