people,portrait,man,dark,adult,light,one,guy,face,desktop,shadow,business,smoke,color,
people,portrait,man,profile,music,one,light,concert,side view,adult,dark,street,musician,indoors,rap,football,
people,man,portrait,profile,one,indoors,adult,dark,vehicle window,side view,car,light,window,music,business,transportation system,
people,man,portrait,dark,profile,one,indoors,adult,face,light,side view,shadow,
light,city,transportation system,car,airport,street,vehicle,blur,urban,dark,abstract,reflection,no person,window,road,building,grinder,motion,subway system,architecture,
light,vehicle,no person,transportation system,city,car,dark,urban,street,desktop,road,airport,technology,building,step,business,travel,abstract,window,architecture,
people,portrait,man,adult,dark,light,music,one,child,indoors,technology,woman,business,
people,portrait,man,adult,dark,light,music,profile,one,two,side view,face,business,technology,woman,
people,portrait,man,adult,one,dark,music,athlete,spotlight,indoors,woman,
people,portrait,man,adult,one,dark,music,face,light,woman,facial expression,profile,athlete,two,indoors,
desktop,abstract,eclipse,art,no person,dark,pattern,astronomy,vector,design,sky,illustration,wallpaper,moon,background,texture,light,crescent,insubstantial,graphic,
desktop,abstract,eclipse,astronomy,art,no person,dark,design,sky,pattern,moon,vector,illustration,texture,insubstantial,wallpaper,background,light,crescent,graphic,
people,man,portrait,adult,business,indoors,one,woman,technology,dark,music,group,computer,two,
people,man,portrait,adult,business,indoors,one,dark,technology,music,woman,computer,
people,portrait,man,adult,dark,music,one,indoors,business,technology,movie,
people,portrait,man,adult,light,music,two,one,profile,woman,dark,side view,street,indoors,concert,
light,blur,abstract,insubstantial,motion,flame,color,festival,warmly,art,reflection,party,sunset,desktop,luminescence,people,illuminated,evening,dark,celebration,
light,city,dark,abstract,insubstantial,desktop,evening,street,motion,luminescence,reflection,blur,party,color,celebration,photograph,flame,road,illuminated,energy,
light,city,dark,blur,abstract,street,celebration,evening,illuminated,desktop,motion,party,insubstantial,Christmas,luminescence,urban,festival,reflection,space,flame,
astronomy,sun,galaxy,moon,insubstantial,space,planet,sky,cosmos,dark,light,abstract,flash,desktop,bright,constellation,luminescence,mystery,solar,nature,
sun,sky,astronomy,moon,insubstantial,landscape,dark,light,space,sunset,bright,galaxy,flash,mystery,luminescence,abstract,smoke,dawn,fog,flare,
dark,light,nature,monochrome,insubstantial,sun,sunset,insect,silhouette,flash,desktop,art,color,shadow,fly,abstract,no person,sky,reflection,landscape,
sun,insubstantial,flame,light,desktop,abstract,smoke,luminescence,bright,sunset,flash,color,flare,magic,sky,explosion,dark,dawn,silhouette,evening,
light,dark,science,desktop,insubstantial,flame,sun,futuristic,luminescence,fiction,technology,abstract,space,forthcoming,flash,festival,spotlight,
people,performance,concert,competition,music,stage,action,public show,man,light,audience,motion,festival,bike,group together,group,adult,sport,street,dark,
people,light,stage,music,festival,action,man,performance,seated,concert,silhouette,motion,blur,hurry,travel,public show,competition,party,audience,recreation,
light,silhouette,stage,people,music,sunset,festival,concert,public show,performance,motion,action,reflection,man,sun,travel,city,party,seated,audience,
light,illuminated,stage,spotlight,insubstantial,sun,dark,smoke,concert,shining,bright,public show,sky,silhouette,sunset,abstract,flash,music,city,festival,
light,stage,silhouette,concert,spotlight,illuminated,dark,sun,smoke,flash,public show,music,sky,people,flame,sunset,festival,man,performance,street,
stage,light,spotlight,concert,music,people,performance,festival,smoke,dark,energy,nightclub,illuminated,industry,singer,nightlife,flame,band,technology,public show,
light,stage,illuminated,dark,flame,smoke,festival,bright,spotlight,space,blur,concert,abstract,shining,nightlife,performance,insubstantial,party,city,energy,
festival,light,stage,concert,music,performance,party,illuminated,nightlife,smoke,dark,celebration,flame,energy,public show,technology,spotlight,audience,nightclub,singer,
people,portrait,man,adult,music,movie,dark,two,theater,one,woman,light,spotlight,facial expression,actor,wear,
people,portrait,man,adult,music,one,athlete,dark,movie,light,two,facial expression,woman,side view,spotlight,
light,energy,festival,dark,illuminated,city,flash,luminescence,urban,sky,desktop,abstract,insubstantial,spotlight,street,bright,flame,technology,stage,architecture,
light,energy,dark,stage,illuminated,desktop,festival,spotlight,design,abstract,bright,technology,space,luminescence,insubstantial,sky,public show,city,flame,smoke,
light,dark,flame,illuminated,festival,energy,insubstantial,bright,stage,abstract,flash,blur,Christmas,smoke,photograph,spotlight,desktop,space,city,design,
city,light,dark,illuminated,stage,urban,architecture,blur,sky,building,street,spotlight,abstract,design,bright,desktop,energy,concert,bridge,public show,
concert,people,performance,stage,music,singer,musician,light,festival,man,dark,band,spotlight,one,flash,energy,adult,street,portrait,smoke,
stage,people,music,concert,performance,light,musician,singer,festival,audience,band,man,public show,theater,adult,spotlight,business,theatre,city,nightclub,
stage,concert,music,performance,singer,people,musician,festival,audience,band,light,spotlight,nightclub,pop music,public show,theater,man,theatre,city,guitarist,
light,energy,stage,smoke,industry,grinder,concert,production,building,spotlight,flame,dark,urban,city,business,performance,festival,expression,street,technology,
light,stage,building,urban,city,dark,concert,business,spotlight,energy,desktop,reflection,modern,industry,illuminated,flame,motion,smoke,abstract,street,
light,energy,desktop,stage,dark,abstract,spotlight,insubstantial,concert,urban,city,smoke,space,motion,technology,illuminated,industry,building,modern,graphic,
light,stage,silhouette,city,people,concert,reflection,blur,business,window,spotlight,music,celebration,illuminated,festival,building,sun,party,audience,desktop,
people,man,shadow,dark,spotlight,light,silhouette,adult,woman,desktop,music,art,concert,futuristic,stage,technology,one,blur,gun,girl,
stage,concert,music,spotlight,people,performance,dark,light,desktop,futuristic,technology,man,profile,art,festival,
blur,technology,music,light,concert,performance,stage,motion,computer,people,business,abstract,illuminated,graphic,
blur,abstract,desktop,motion,light,transportation system,technology,vehicle,reflection,illustration,design,dark,business,color,modern,action,travel,illuminated,line,computer,
light,people,business,stage,city,urban,man,office,building,spotlight,theatre,silhouette,public show,theater,street,abstract,adult,modern,desktop,music,
stage,people,light,concert,spotlight,music,business,man,theatre,theater,public show,performance,silhouette,opera,abstract,adult,movie,energy,city,art,
stage,people,concert,spotlight,light,public show,music,performance,theatre,theater,man,business,energy,audience,adult,opera,art,abstract,singer,musician,
people,stage,music,light,concert,spotlight,performance,business,man,audience,adult,public show,festival,interaction,
people,stage,music,spotlight,concert,audience,adult,man,business,light,portrait,performance,one,
people,music,man,adult,stage,concert,portrait,light,spotlight,one,business,woman,performance,musician,audience,profile,singer,indoors,
train,light,city,illuminated,transportation system,dark,horizontal plane,silhouette,reflection,locomotive,business,travel,dusk,railroad track,outdoors,street,architecture,window,modern,sky,
insubstantial,abstract,bright,blur,shining,magic,desktop,luminescence,space,color,illuminated,design,art,dark,explosion,glisten,texture,background,fantasy,smoke,
people,silhouette,street,city,light,dark,man,transportation system,reflection,business,building,urban,travel,airport,locomotive,train,blur,concert,stage,rain,
stage,concert,performance,music,people,musician,singer,band,audience,festival,man,silhouette,public show,dark,light,business,pop music,group,adult,
light,stage,city,concert,silhouette,dark,street,spotlight,landscape,sunset,sky,sun,urban,architecture,bridge,energy,building,smoke,music,theater,
light,smoke,dark,energy,flame,silhouette,technology,desktop,city,sun,stage,industry,
light,dark,flame,technology,smoke,illuminated,festival,city,industry,science,steel,lamp,
light,city,smoke,dark,urban,energy,technology,street,industry,building,grinder,production,stage,flame,concert,reflection,illuminated,festival,natural gas,spotlight,
light,city,building,reflection,landscape,urban,street,business,travel,people,architecture,concert,silhouette,sunset,smoke,tourism,sky,bridge,stage,dark,
light,travel,reflection,transportation system,water,sky,sea,city,evening,ocean,dusk,vehicle,sunset,dark,vacation,boat,tourism,modern,sun,outdoors,
light,desktop,flame,stage,dark,smoke,abstract,city,insubstantial,bright,illuminated,sun,sky,color,spotlight,design,street,architecture,flash,lamp,
light,spotlight,sun,abstract,stage,insubstantial,flash,dark,desktop,bright,sky,flame,illuminated,sunset,art,color,Christmas,street,space,landscape,
people,light,sunset,music,concert,evening,silhouette,landscape,action,man,dark,sun,reflection,smoke,woman,festival,adult,city,dusk,blur,
people,light,reflection,adult,transportation system,silhouette,indoors,business,vehicle,chair,man,music,travel,seat,city,woman,group,sunset,one,window,
music,concert,people,festival,stage,performance,light,flame,musician,band,singer,man,adult,audience,smoke,party,welder,energy,city,nightclub,
light,stage,music,spotlight,festival,concert,moon,performance,dark,theater,silhouette,people,evening,city,opera,audience,sky,landscape,party,illuminated,
light,abstract,sky,insubstantial,blur,landscape,art,reflection,sea,sun,desktop,spotlight,color,sunset,street,shadow,dark,fog,storm,nature,
light,abstract,blur,dark,city,insubstantial,illuminated,street,reflection,nightlife,urban,flash,luminescence,stage,desktop,photograph,art,party,focus,subway system,
abstract,art,texture,desktop,nature,blur,design,square,wallpaper,color,background,retro,old,vintage,pattern,paper,insubstantial,no person,gold,stripe,
people,man,window,light,reflection,portrait,street,adult,dark,blur,city,indoors,business,shadow,one,vehicle window,urban,silhouette,technology,
abstract,light,steel,industry,business,technology,grinder,building,no person,reflection,dark,desktop,street,city,glass items,design,production,art,futuristic,urban,
abstract,technology,light,desktop,reflection,design,insubstantial,blur,futuristic,science,dark,graphic,luminescence,motion,business,art,line,window,city,steel,
people,man,one,portrait,adult,light,profile,indoors,dark,window,music,business,side view,concentration,
light,sunset,silhouette,dark,evening,sky,dawn,no person,sea,landscape,shadow,city,wood,backlit,beach,dusk,ocean,reflection,desktop,building,
sky,dark,city,light,fog,architecture,urban,no person,sunset,storm,building,reflection,desktop,nature,silhouette,wall,dusk,modern,landscape,sea,
smoke,people,fog,snow,winter,water,landscape,rain,light,river,storm,girl,portrait,mist,action,man,nature,woman,adult,reflection,
smoke,flame,hot,light,heat,dark,steam,city,festival,color,landscape,reflection,explosion,magic,burn,art,water,warmly,party,energy,
people,silhouette,smoke,man,dark,adult,competition,desktop,action,light,sky,football,shadow,landscape,uniform,
insubstantial,abstract,desktop,art,background,color,sky,texture,design,luminescence,light,sun,pattern,flash,dark,sea,shining,moon,nature,wallpaper,
flame,sun,astronomy,landscape,sky,dark,moon,smoke,abstract,light,sunset,space,galaxy,insubstantial,planet,desktop,dawn,color,explosion,nature,
smoke,flame,landscape,light,silhouette,calamity,sky,fog,sunset,dark,festival,people,flash,sun,danger,color,energy,explosion,storm,desktop,
people,dark,flame,light,technology,man,adult,danger,action,indoors,smoke,offense,music,grinder,woman,industry,weapon,desktop,abstract,heat,
light,flame,people,music,dark,concert,action,landscape,festival,blur,abstract,piano,smoke,musician,performance,adult,production,rock,city,reflection,
light,people,landscape,blur,concert,music,action,backlit,adult,silhouette,rock,transportation system,shadow,vehicle,car,travel,street,beach,race,city,
flame,smoke,light,festival,people,concert,music,flash,energy,dark,performance,silhouette,stage,landscape,singer,sun,danger,party,sky,abstract,
flame,people,light,flash,smoke,dark,welder,danger,science,calamity,vehicle,festival,spacecraft,military,explosion,energy,action,robot,mask,war,
people,man,adult,portrait,woman,transportation system,indoors,one,recreation,airport,side view,music,business,sitting,two,wear,vehicle,window,locomotive,light,
people,man,adult,transportation system,airport,indoors,woman,travel,vehicle,one,portrait,sitting,subway system,airplane,recreation,reflection,window,business,vehicle window,locomotive,
people,man,adult,woman,transportation system,indoors,side view,sitting,recreation,airport,travel,portrait,two,vehicle,window,one,business,vehicle window,wear,profile,
light,transportation system,city,dark,industry,no person,building,urban,technology,architecture,business,steel,vehicle,modern,travel,road,street,car,traffic,expression,
industry,transportation system,light,city,business,no person,car,road,modern,travel,street,grinder,technology,blur,traffic,dark,urban,building,evening,steel,
transportation system,industry,light,technology,car,vehicle,city,dark,urban,reflection,motion,grinder,steel,road,business,modern,traffic,street,blur,building,
light,city,urban,abstract,technology,dark,desktop,flame,industry,building,reflection,blur,street,insubstantial,travel,car,motion,architecture,transportation system,design,
reflection,light,abstract,city,blur,desktop,dark,window,travel,vehicle,landscape,illuminated,building,motion,insubstantial,street,art,photograph,mirror,urban,
city,light,urban,dark,building,architecture,technology,street,expression,travel,business,construction,illuminated,desktop,industry,reflection,road,modern,evening,highway,
people,man,portrait,one,adult,light,window,business,dark,indoors,profile,music,city,urban,
people,man,one,portrait,adult,light,indoors,business,window,profile,dark,reflection,side view,shadow,
abstract,art,sun,insubstantial,desktop,sunset,landscape,color,nature,blur,light,bright,sky,texture,space,wallpaper,background,luminescence,dark,shining,
light,street,city,blur,people,reflection,motion,silhouette,action,illuminated,travel,dark,urban,business,evening,adult,man,window,transportation system,festival,
people,light,festival,public show,performance,action,concert,flame,flash,stage,sky,motion,energy,music,smoke,sun,competition,spotlight,landscape,dark,
people,silhouette,light,concert,action,landscape,stage,performance,city,sunset,festival,sky,abstract,music,street,sun,motion,backlit,dark,art,
people,stage,concert,light,music,performance,action,dark,blur,musician,festival,woman,competition,motion,band,singer,spotlight,adult,man,
desktop,abstract,insubstantial,illuminated,technology,light,blur,dark,science,luminescence,party,spotlight,futuristic,smoke,space,stage,design,shining,explosion,bright,
performance,concert,music,festival,stage,musician,singer,band,light,people,nightclub,energy,dark,public show,party,nightlife,guitar,spotlight,audience,guitarist,
people,action,light,man,adult,flash,competition,dark,one,music,flame,concert,race,woman,motion,group,public show,blur,stadium,festival,
people,music,woman,man,adult,concert,light,one,portrait,dark,underwater,girl,recreation,blur,art,
sun,insubstantial,sky,astronomy,moon,landscape,abstract,light,dark,sunset,galaxy,space,bright,desktop,art,eclipse,color,flash,luminescence,evening,
light,abstract,desktop,landscape,smoke,sky,sunset,insubstantial,art,luminescence,flame,technology,travel,dark,color,city,sun,design,transportation system,vehicle,
light,dark,flame,smoke,building,landscape,no person,city,business,window,blur,travel,architecture,urban,road,bright,
light,dark,building,no person,city,travel,sky,architecture,evening,road,urban,technology,motion,illuminated,landscape,street,luminescence,bridge,futuristic,flame,
light,sky,dark,city,abstract,reflection,moon,travel,energy,technology,photograph,building,space,motion,architecture,desktop,no person,design,exploration,landscape,
light,abstract,steel,flame,smoke,dark,industry,technology,iron,city,desktop,heat,business,no person,street,building,reflection,heavy,architecture,expression,
abstract,art,texture,insubstantial,desktop,background,dark,color,wallpaper,blur,pattern,monochrome,portrait,smooth,design,fabric,square,coloring,shadow,black and white,
smoke,dark,no person,flame,desktop,light,blur,action,abstract,
abstract,light,art,dark,insubstantial,flame,portrait,people,smoke,flash,blur,desktop,color,landscape,spotlight,sun,sunset,girl,luminescence,
abstract,light,insubstantial,technology,desktop,futuristic,motion,science,luminescence,space,design,graphic,dark,reflection,modern,energy,illustration,bright,flame,shape,
light,abstract,city,desktop,insubstantial,reflection,motion,photograph,space,futuristic,flame,technology,dark,design,modern,urban,science,luminescence,energy,graphic,
people,light,flame,stage,smoke,concert,man,window,blur,festival,adult,dark,transportation system,city,indoors,abstract,action,travel,music,flash,
flame,light,festival,smoke,concert,stage,people,dark,city,flash,abstract,music,street,landscape,insubstantial,explosion,performance,public show,party,energy,
dark,abstract,light,insubstantial,desktop,illuminated,design,flame,art,blur,city,luminescence,shining,reflection,flash,color,stage,texture,smoke,background,
light,city,dark,building,architecture,illuminated,sky,evening,urban,dusk,energy,travel,bridge,no person,transportation system,smoke,street,business,water,reflection,
city,light,sky,water,building,reflection,architecture,bridge,travel,urban,illuminated,dusk,river,business,evening,modern,cityscape,transportation system,sunset,silhouette,
people,adult,light,portrait,one,music,man,musician,concert,window,street,city,blur,woman,business,singer,room,indoors,side view,profile,
music,people,concert,performance,stage,musician,festival,singer,band,man,audience,recreation,light,guitar,guitarist,nightclub,one,adult,energy,smoke,
music,people,concert,musician,performance,man,festival,singer,one,band,dark,guitar,adult,light,stage,recreation,woman,danger,guitarist,portrait,
people,portrait,light,dark,one,adult,man,music,woman,shadow,child,spotlight,reflection,girl,silhouette,indoors,
people,music,portrait,light,concert,spotlight,musician,performance,adult,one,dark,festival,singer,stage,man,
people,portrait,one,adult,man,music,light,woman,dark,indoors,musician,
people,music,man,dark,adult,light,portrait,one,woman,concert,indoors,helmet,musician,flame,festival,smoke,singer,wear,
people,man,one,adult,indoors,light,portrait,business,music,stage,dark,recreation,street,shadow,woman,musician,
people,man,one,adult,indoors,music,woman,education,business,stage,room,portrait,wear,light,
people,man,music,adult,one,dark,portrait,indoors,woman,light,art,recreation,sit,
people,portrait,one,music,man,adult,dark,concert,musician,light,singer,rap,performance,spotlight,
people,man,one,music,adult,dark,portrait,indoors,light,stage,athlete,woman,concert,musician,wear,performance,recreation,
people,dark,light,man,audience,football,music,indoors,technology,robot,one,competition,stadium,car,concert,futuristic,vehicle,stage,adult,reflection,
people,music,portrait,man,one,concert,dark,adult,musician,light,rap,singer,performance,indoors,stage,festival,spotlight,
insubstantial,abstract,dark,illuminated,space,light,spotlight,luminescence,flash,stage,bright,shining,art,futuristic,desktop,design,sparkle,blur,reflection,flare,
stage,spotlight,public show,abstract,concert,light,theater,performance,blur,dark,people,desktop,insubstantial,music,art,theatre,party,background,design,motion,
man,people,futuristic,music,dark,light,smoke,science,flame,party,helmet,robot,forthcoming,human,technology,desktop,festival,woman,stage,fantasy,
people,man,adult,uniform,military,wear,audience,battle,one,indoors,war,group,music,
people,man,indoors,adult,dark,war,military,uniform,portrait,police,wear,woman,
people,stage,man,dark,indoors,audience,music,light,concert,public show,adult,group,shadow,movie,woman,silhouette,theater,spotlight,performance,desktop,
insubstantial,dark,spotlight,illuminated,light,abstract,stage,desktop,bright,sky,blur,space,shining,sun,design,silhouette,art,illustration,luminescence,mystery,
light,dark,insubstantial,spotlight,abstract,stage,flame,illuminated,flash,blur,luminescence,photograph,smoke,reflection,desktop,concert,space,music,nightlife,motion,
people,light,man,indoors,adult,woman,stage,blur,seat,window,transportation system,vehicle window,locomotive,street,one,dark,concert,travel,portrait,vehicle,
sunset,flash,sun,landscape,dark,insubstantial,flame,sky,light,smoke,luminescence,silhouette,flare,abstract,evening,color,art,magic,desktop,bright,
light,flame,dark,illuminated,people,blur,festival,danger,action,concert,smoke,stage,performance,party,music,indoors,man,race,competition,heat,
stage,light,spotlight,concert,dark,people,smoke,silhouette,performance,energy,music,landscape,illuminated,man,insubstantial,festival,public show,sunset,sky,blur,
people,light,man,festival,concert,stage,music,flash,smoke,dark,competition,portrait,adult,performance,one,welder,flame,street,energy,band,
light,business,transportation system,no person,vehicle,desktop,building,reflection,industry,people,city,travel,indoors,modern,competition,technology,urban,group,architecture,shadow,
abstract,desktop,insubstantial,dark,light,nature,shadow,art,no person,water,reflection,smoke,color,texture,sun,travel,sky,
people,medicine,man,portrait,adult,underwater,healthcare,side view,one,woman,light,water,sea,hospital,shadow,travel,silhouette,profile,illness,desktop,
street,transportation system,bridge,light,road,urban,car,city,blur,travel,building,subway system,photograph,traffic,locomotive,guidance,sky,architecture,dark,dusk,
vehicle,transportation system,people,police,car,action,street,offense,flame,light,smoke,subway system,dark,industry,indoors,driver,man,truck,rain,city,
industry,grinder,people,light,man,indoors,steel,natural gas,dark,business,building,danger,safety,adult,production,smoke,subway system,flame,transportation system,equipment,
dark,light,desktop,people,man,spotlight,shadow,stage,industry,abstract,indoors,art,silhouette,illuminated,steel,futuristic,lamp,
light,city,transportation system,travel,evening,reflection,building,street,business,energy,urban,motion,bridge,vehicle,blur,dusk,industry,architecture,people,
light,dark,people,city,street,urban,desktop,shadow,illuminated,silhouette,building,window,lamp,indoors,sport,travel,man,reflection,business,architecture,
light,dark,illuminated,blur,sun,bright,luminescence,spotlight,motion,action place,smoke,abstract,fog,sky,desktop,street,road,flash,evening,city,
people,portrait,dark,face,light,man,girl,one,adult,woman,vicious,art,person,eye,horror,danger,desktop,fashion,child,scary,
people,portrait,dark,light,one,face,adult,blur,man,music,insubstantial,desktop,danger,car,woman,indoors,girl,person,horror,reflection,
desktop,abstract,dark,light,people,bright,illuminated,design,insubstantial,no person,action,color,sky,travel,motion,art,pattern,luminescence,futuristic,city,
dark,stage,music,light,people,concert,blur,performance,festival,flash,flame,smoke,man,illuminated,public show,spotlight,band,insubstantial,desktop,party,
motion,blur,city,transportation system,car,street,light,reflection,fast,road,traffic,urban,action,bridge,speed,dark,abstract,vehicle,technology,movement,
light,street,city,dark,transportation system,travel,car,motion,road,blur,urban,abstract,indoors,no person,reflection,desktop,building,
light,city,abstract,dark,reflection,street,car,urban,motion,transportation system,blur,technology,desktop,fast,building,road,architecture,business,design,insubstantial,
technology,abstract,dark,science,light,reflection,desktop,steel,industry,insubstantial,computer,no person,power,equipment,metallic,
window,light,indoors,city,seat,reflection,room,architecture,transportation system,travel,street,business,mirror,vehicle,urban,car,technology,chair,people,blur,
light,stage,movie,music,city,concert,window,room,business,people,audience,indoors,street,performance,reflection,analogue,television,theater,technology,dark,
people,window,light,indoors,business,city,man,airport,silhouette,shadow,woman,street,adult,reflection,one,music,room,travel,portrait,
people,stage,movie,music,man,theatre,spotlight,performance,concert,light,room,indoors,festival,theater,portrait,woman,adult,ceremony,wear,audience,
dark,people,offense,shadow,nude,desktop,weapon,girl,indoors,light,adult,gun,athlete,art,woman,force,no person,fear,man,one,
people,spotlight,stage,light,dark,music,performance,shadow,concert,man,indoors,adult,musician,festival,blur,audience,
people,vehicle,piano,transportation system,music,one,car,adult,indoors,woman,man,light,wear,travel,instrument,action,musician,blur,performance,dark,
people,baby,nude,adult,dark,portrait,man,child,sleep,one,woman,love,indoors,light,girl,family,son,bed,room,two,
people,dark,adult,woman,one,nude,indoors,portrait,man,girl,sleep,sexy,light,love,child,family,room,baby,
stage,concert,people,audience,music,light,festival,performance,theater,action,crowd,city,blur,group,vehicle,stadium,movie,indoors,man,silhouette,
car,vehicle,transportation system,people,indoors,accident,offense,light,one,dark,adult,woman,action,danger,man,injury,airplane,police,force,subway system,
people,vehicle,car,indoors,adult,offense,one,transportation system,light,accident,man,action,woman,room,seat,dark,music,force,competition,portrait,
car,people,light,vehicle,dark,action,music,transportation system,offense,accident,man,portrait,airplane,adult,city,silhouette,street,concert,one,race,
people,offense,gun,car,vehicle,light,dark,adult,police,force,performance,portrait,weapon,man,action,music,concert,indoors,woman,stage,
people,one,adult,woman,dark,man,nude,portrait,indoors,child,girl,athlete,offense,light,sexy,boy,calamity,baby,military,battle,
people,adult,nude,one,woman,man,dark,indoors,sexy,girl,light,portrait,child,son,sleep,baby,love,religion,
people,adult,one,woman,portrait,man,light,indoors,nude,girl,dark,child,baby,religion,art,athlete,
people,adult,woman,one,nude,portrait,girl,light,man,dark,indoors,bed,sleep,art,sexy,room,wear,child,recreation,
people,adult,one,nude,woman,portrait,girl,light,man,dark,indoors,bed,sleep,reclining,sexy,art,child,
people,one,man,adult,portrait,indoors,music,sit,light,sitting,offense,dark,seat,vehicle,wear,musician,movie,administration,
offense,weapon,gun,people,war,dark,force,indoors,police,military,danger,flame,man,battle,army,adult,pistol,ammunition,one,vehicle,
offense,people,weapon,force,gun,dark,indoors,police,adult,man,war,danger,flame,military,battle,one,pistol,woman,action,security,
offense,people,weapon,dark,gun,force,indoors,police,adult,man,war,battle,one,competition,military,piano,action,danger,flame,woman,
people,man,portrait,indoors,one,adult,war,dark,military,soldier,army,weapon,gun,police,offense,movie,uniform,shadow,light,battle,
nude,people,one,adult,portrait,girl,woman,dark,sleep,sexy,art,erotic,man,light,naked,model,shadow,indoors,face,desktop,
people,nude,adult,one,portrait,sleep,dark,girl,woman,man,indoors,light,sexy,erotic,model,shadow,art,face,naked,bed,
nude,people,one,adult,dark,portrait,girl,woman,man,indoors,sexy,sleep,light,erotic,model,naked,art,shadow,face,studio,
dark,light,desktop,insubstantial,abstract,stage,blur,luminescence,spotlight,flame,shadow,flash,art,color,silhouette,public show,people,illuminated,hand,concert,
dark,stage,light,shadow,people,desktop,hand,concert,man,silhouette,spotlight,public show,flash,abstract,no person,music,performance,human,danger,
people,man,indoors,dark,adult,one,music,sitting,car,portrait,offense,vehicle,gun,woman,piano,police,musician,sit,
people,portrait,dark,adult,one,light,blur,nude,girl,man,woman,indoors,art,no person,abstract,shadow,desktop,athlete,sleep,dog,
dark,people,flame,light,one,reflection,desktop,abstract,action,adult,no person,motion,flash,art,color,blur,drop,food,danger,smoke,
flame,heat,smoke,hot,danger,light,abstract,dark,energy,insubstantial,warmly,party,people,music,color,desktop,flash,burnt,art,flare,
music,concert,musician,smoke,performance,flame,people,band,light,festival,singer,stage,party,one,dark,nightclub,jazz,danger,blur,pop music,
people,concert,music,stage,silhouette,man,performance,light,one,musician,singer,adult,band,backlit,
stage,concert,music,people,performance,action,police,dark,light,group,audience,musician,stadium,festival,flame,singer,competition,adult,offense,auto racing,
flame,smoke,abstract,hot,insubstantial,party,desktop,light,explosion,art,dark,energy,luminescence,festival,celebration,color,astronomy,danger,galaxy,magic,
people,music,concert,one,stage,man,light,adult,portrait,performance,musician,smoke,singer,dark,band,festival,flash,flame,recreation,audience,
music,people,concert,flame,performance,stage,light,smoke,festival,man,one,musician,singer,flash,adult,welder,band,energy,nightclub,dark,
music,people,concert,one,performance,stage,light,musician,singer,woman,band,adult,man,dark,portrait,smoke,recreation,pop music,flash,
people,music,performance,concert,one,smoke,light,musician,singer,stage,adult,man,recreation,band,festival,woman,flash,flame,portrait,energy,
music,people,concert,performance,light,stage,flash,one,smoke,musician,flame,singer,festival,man,band,adult,dark,recreation,audience,energy,
people,nude,indoors,dark,sleep,one,girl,portrait,adult,woman,light,sexy,man,erotic,fatigue,bed,car,shadow,model,offense,
people,adult,man,woman,one,group,wear,recreation,athlete,dark,portrait,indoors,light,group together,competition,two,motion,
people,woman,man,adult,portrait,music,recreation,dark,one,indoors,group,wear,child,shadow,two,performance,force,offense,boy,
people,adult,man,one,portrait,dark,music,flash,flame,skill,woman,light,action,street,indoors,festival,recreation,performance,room,actor,
people,adult,man,one,woman,portrait,music,recreation,two,education,room,light,boy,dark,child,group,flash,indoors,book series,
people,man,adult,flame,dark,one,woman,portrait,flash,light,music,festival,street,child,actor,candle,two,recreation,room,indoors,
people,flame,man,adult,dark,one,woman,light,flash,child,portrait,candle,music,street,room,festival,boy,indoors,recreation,smoke,
people,man,dark,light,adult,portrait,woman,flame,flash,smoke,one,music,indoors,love,guy,nude,two,couple,girl,
people,man,light,dark,adult,portrait,flame,woman,flash,one,smoke,two,music,nude,indoors,guy,heat,couple,
people,portrait,dark,man,adult,one,light,woman,art,wear,shadow,indoors,music,
people,portrait,man,adult,dark,one,light,woman,art,music,wear,
people,portrait,man,dark,adult,woman,light,one,wear,spotlight,music,
dark,people,light,insubstantial,flash,portrait,smoke,man,desktop,art,luminescence,adult,flame,one,athlete,girl,abstract,fantasy,nude,shadow,
people,dark,light,flame,insubstantial,art,portrait,adult,smoke,abstract,girl,desktop,man,one,flash,luminescence,reflection,woman,hot,shadow,
dark,people,portrait,light,man,smoke,adult,insubstantial,one,flame,flash,art,desktop,luminescence,face,sun,danger,guy,color,fantasy,
people,dark,portrait,man,adult,one,light,art,
people,portrait,dark,man,adult,one,light,
people,nude,one,dark,woman,adult,girl,portrait,man,light,sleep,indoors,sexy,bed,shadow,love,art,model,child,offense,
people,portrait,dark,one,adult,man,indoors,face,scared,woman,military,business,horror,wear,security,movie,offense,sadness,music,old,
people,portrait,man,adult,dark,light,one,woman,art,music,
people,one,dark,portrait,adult,man,indoors,military,offense,war,wear,security,weapon,woman,
people,portrait,adult,man,one,light,dark,woman,art,
people,portrait,dark,man,adult,light,one,art,desktop,shadow,sadness,face,woman,
portrait,people,man,one,adult,dark,face,woman,indoors,light,music,person,
portrait,people,dark,man,one,adult,face,desktop,indoors,light,horror,woman,person,
